-- ==============================================
-- File: mock_car_service_data.sql
-- Purpose: Demonstration mock data for Car Service database
-- Author: ChatGPT (OpenAI)
-- Date: 2025-11-13 14:02:08 UTC
-- Notes:
--  • Names in Bulgarian (Cyrillic) with correct gendered surnames
--  • Emails in Latin transliteration with @autoservice.bg
--  • Plate numbers use Cyrillic letters (Bulgarian style)
--  • All IDs are UUID literals generated in this script
--  • Timestamps are in UTC
--  • Structure matches car_service_structure.sql (public schema)
-- ==============================================


-- Insert reference data (user_roles, genders, fuel_types, vehicle_statuses)
INSERT INTO public.user_roles (id, code, name, created_at) VALUES ('fd65af7d-55c2-48a2-b300-c2e9ad5157ca', 'customer', 'Клиент', now());
INSERT INTO public.user_roles (id, code, name, created_at) VALUES ('ace6c34c-7778-4459-89f1-49848ae58e68', 'serviceSpecialist', 'Специалист обслужване', now());
INSERT INTO public.user_roles (id, code, name, created_at) VALUES ('0fc5978d-b7e5-449b-b686-762951f3b9d4', 'autoMechanic', 'Автомеханик', now());
INSERT INTO public.genders (id, code, name, created_at) VALUES ('7c27b63a-b4b0-4004-b793-9a9a6854c772', 'male', 'Мъж', now());
INSERT INTO public.genders (id, code, name, created_at) VALUES ('0ce3e48f-eed3-4270-85b6-068a904ebd3f', 'female', 'Жена', now());
INSERT INTO public.fuel_types (id, code, name, created_at) VALUES ('f726b881-2634-4cd3-bd4e-be0d50687c20', 'petrol', 'Бензин', now());
INSERT INTO public.fuel_types (id, code, name, created_at) VALUES ('515e3e03-e4db-4061-bdc3-b7c66909bd79', 'diesel', 'Дизел', now());
INSERT INTO public.fuel_types (id, code, name, created_at) VALUES ('d53be12f-830d-4982-b8c7-6b6e9a77af76', 'electricity', 'Електричество', now());
INSERT INTO public.fuel_types (id, code, name, created_at) VALUES ('98ee4d83-f1b2-486b-8f44-73c2e660facc', 'propane', 'Пропан', now());
INSERT INTO public.fuel_types (id, code, name, created_at) VALUES ('aed4709b-3bd7-4fa9-8374-c3b8fa84d20a', 'biodiesel', 'Биодизел', now());
INSERT INTO public.fuel_types (id, code, name, created_at) VALUES ('f34816d1-654a-46e8-9397-7c476f8d8fe6', 'ethanol', 'Етанол', now());

INSERT INTO public.vehicle_statuses (id, code, name, weight, color, created_at) VALUES ('f2536c37-731b-4cc4-8ecf-0c0df6a15026', 'repair-request', 'Искане за ремонт', 100, '#3272a8', now());
INSERT INTO public.vehicle_statuses (id, code, name, weight, color, created_at) VALUES ('8410ab0a-f69b-491a-b1bb-004a36222af4', 'canceled-request', 'Отменено искане', 150, '#a83232', now());
INSERT INTO public.vehicle_statuses (id, code, name, weight, color, created_at) VALUES ('98ad9321-8b85-4ebd-ba65-39193352f6cc', 'appointed-date', 'Назначена дата', 200, '#32a852', now());
INSERT INTO public.vehicle_statuses (id, code, name, weight, color, created_at) VALUES ('6f53d102-3377-4821-9b17-c51d3bb36f2e', 'received', 'Прието', 250, '#a87632', now());
INSERT INTO public.vehicle_statuses (id, code, name, weight, color, created_at) VALUES ('a467544f-2f4e-44c7-bbc7-1efffcedf2e0', 'under-repair', 'В ремонт', 300, '#a87632', now());
INSERT INTO public.vehicle_statuses (id, code, name, weight, color, created_at) VALUES ('f4dc9799-f712-45dd-8171-d597334aac61', 'repaired', 'Ремонтирано', 350, '#32a8a6', now());
INSERT INTO public.vehicle_statuses (id, code, name, weight, color, created_at) VALUES ('1fd3bded-260d-4082-a84d-5de69c087745', 'awaiting-receipt', 'Очаква получаване', 400, '#a8a132', now());
INSERT INTO public.vehicle_statuses (id, code, name, weight, color, created_at) VALUES ('e0762549-5d15-4d47-b3af-4a0bd51312b5', 'delivered', 'Върнато на клиента', 450, '#32a83c', now());

-- Insert users
INSERT INTO public.users (id, role_id, gender_id, first_name, last_name, email, password, phone, created_at) VALUES ('643ae861-7b94-4665-87ea-1c2a62826dd9', 'fd65af7d-55c2-48a2-b300-c2e9ad5157ca', '7c27b63a-b4b0-4004-b793-9a9a6854c772', 'Николай', 'Станов', 'nikolaystanov@autoservice.bg', 'UserPass!', '+359750995053', '2025-07-24 08:14:31');
INSERT INTO public.users (id, role_id, gender_id, first_name, last_name, email, password, phone, created_at) VALUES ('0fa0745f-d6f7-4d0f-b960-603d20a83370', 'ace6c34c-7778-4459-89f1-49848ae58e68', '7c27b63a-b4b0-4004-b793-9a9a6854c772', 'Иван', 'Красимирин', 'ivankrasimirin@autoservice.bg', 'Service123!', '+359707212869', '2024-03-04 08:38:25');
INSERT INTO public.users (id, role_id, gender_id, first_name, last_name, email, password, phone, created_at) VALUES ('4a11dbe1-c72c-46a8-a167-0fef5ab59a07', 'fd65af7d-55c2-48a2-b300-c2e9ad5157ca', '0ce3e48f-eed3-4270-85b6-068a904ebd3f', 'Мария', 'Иванева', 'mariyaivaneva@autoservice.bg', 'UserPass!', '+359855721888', '2022-10-05 20:53:50');
INSERT INTO public.users (id, role_id, gender_id, first_name, last_name, email, password, phone, created_at) VALUES ('b3de96c7-66c5-4fd9-9cec-7989ea331063', 'fd65af7d-55c2-48a2-b300-c2e9ad5157ca', '0ce3e48f-eed3-4270-85b6-068a904ebd3f', 'Елена', 'Теодорска', 'elenateodorska@autoservice.bg', 'UserPass!', '+359728425463', '2025-10-07 15:11:32');
INSERT INTO public.users (id, role_id, gender_id, first_name, last_name, email, password, phone, created_at) VALUES ('d7f15839-cb6c-4ac3-97a7-538eff5e47fa', '0fc5978d-b7e5-449b-b686-762951f3b9d4', '0ce3e48f-eed3-4270-85b6-068a904ebd3f', 'Ивана', 'Станска', 'ivanastanska@autoservice.bg', 'Mechanic!', '+359762443751', '2024-03-24 09:07:57');
INSERT INTO public.users (id, role_id, gender_id, first_name, last_name, email, password, phone, created_at) VALUES ('a605c994-6971-4e72-bffd-a69334722c0d', 'ace6c34c-7778-4459-89f1-49848ae58e68', '7c27b63a-b4b0-4004-b793-9a9a6854c772', 'Райко', 'Кирилин', 'raykokirilin@autoservice.bg', 'Service123!', '+359710804798', '2022-12-27 21:04:27');
INSERT INTO public.users (id, role_id, gender_id, first_name, last_name, email, password, phone, created_at) VALUES ('f6448975-8e02-492d-a888-31b1c362b624', 'fd65af7d-55c2-48a2-b300-c2e9ad5157ca', '7c27b63a-b4b0-4004-b793-9a9a6854c772', 'Борис', 'Красимирев', 'boriskrasimirev@autoservice.bg', 'UserPass!', '+359897888520', '2025-05-30 16:58:13');
INSERT INTO public.users (id, role_id, gender_id, first_name, last_name, email, password, phone, created_at) VALUES ('45980866-4dca-43a8-b357-91a5da3dd554', '0fc5978d-b7e5-449b-b686-762951f3b9d4', '0ce3e48f-eed3-4270-85b6-068a904ebd3f', 'Боряна', 'Георгина', 'boryanageorgina@autoservice.bg', 'Mechanic!', '+359858003422', '2023-11-05 16:35:04');
INSERT INTO public.users (id, role_id, gender_id, first_name, last_name, email, password, phone, created_at) VALUES ('6979202d-648d-4c60-b5c9-2c7ea08ded7f', 'fd65af7d-55c2-48a2-b300-c2e9ad5157ca', '7c27b63a-b4b0-4004-b793-9a9a6854c772', 'Иван', 'Георгин', 'ivangeorgin@autoservice.bg', 'UserPass!', '+359702511628', '2022-08-22 10:33:48');
INSERT INTO public.users (id, role_id, gender_id, first_name, last_name, email, password, phone, created_at) VALUES ('c29e821c-9adb-4ea4-a90a-14804a58a75f', 'fd65af7d-55c2-48a2-b300-c2e9ad5157ca', '7c27b63a-b4b0-4004-b793-9a9a6854c772', 'Михаил', 'Христин', 'mihailhristin@autoservice.bg', 'UserPass!', '+359742139221', '2023-08-23 15:36:34');
INSERT INTO public.users (id, role_id, gender_id, first_name, last_name, email, password, phone, created_at) VALUES ('a088678a-cc04-4256-8b0b-d06a48eb354e', 'ace6c34c-7778-4459-89f1-49848ae58e68', '7c27b63a-b4b0-4004-b793-9a9a6854c772', 'Иван', 'Ивански', 'ivanivanski@autoservice.bg', 'Service123!', '+359721089027', '2023-08-26 21:25:59');
INSERT INTO public.users (id, role_id, gender_id, first_name, last_name, email, password, phone, created_at) VALUES ('c98d0cc4-d639-4f4a-8339-422c0ee9ca28', 'fd65af7d-55c2-48a2-b300-c2e9ad5157ca', '7c27b63a-b4b0-4004-b793-9a9a6854c772', 'Стилиян', 'Иванин', 'stiliyanivanin@autoservice.bg', 'UserPass!', '+359757807775', '2024-11-20 08:00:00');
INSERT INTO public.users (id, role_id, gender_id, first_name, last_name, email, password, phone, created_at) VALUES ('cf079cda-e7f3-4ef2-821e-f8c3f16e3008', 'ace6c34c-7778-4459-89f1-49848ae58e68', '7c27b63a-b4b0-4004-b793-9a9a6854c772', 'Георги', 'Красимиров', 'georgikrasimirov@autoservice.bg', 'Service123!', '+359703709172', '2024-08-30 14:50:49');
INSERT INTO public.users (id, role_id, gender_id, first_name, last_name, email, password, phone, created_at) VALUES ('f2179fcc-0303-4bd3-8f7e-fedf04ee5194', 'ace6c34c-7778-4459-89f1-49848ae58e68', '7c27b63a-b4b0-4004-b793-9a9a6854c772', 'Стилиян', 'Василски', 'stiliyanvasilski@autoservice.bg', 'Service123!', '+359847588439', '2022-11-10 03:59:31');
INSERT INTO public.users (id, role_id, gender_id, first_name, last_name, email, password, phone, created_at) VALUES ('380735c7-cc28-41bd-8911-2b6c90fec1f5', 'fd65af7d-55c2-48a2-b300-c2e9ad5157ca', '0ce3e48f-eed3-4270-85b6-068a904ebd3f', 'Мелиса', 'Теодорова', 'melisateodorova@autoservice.bg', 'UserPass!', '+359849401242', '2022-08-21 11:42:35');
INSERT INTO public.users (id, role_id, gender_id, first_name, last_name, email, password, phone, created_at) VALUES ('cd5beddf-c9e7-4bbd-b9a7-0730892a2e4f', '0fc5978d-b7e5-449b-b686-762951f3b9d4', '7c27b63a-b4b0-4004-b793-9a9a6854c772', 'Петър', 'Павелин', 'petarpavelin@autoservice.bg', 'Mechanic!', '+359761912633', '2022-11-12 17:47:32');
INSERT INTO public.users (id, role_id, gender_id, first_name, last_name, email, password, phone, created_at) VALUES ('ccd6fcf0-dc6e-4b2c-a1e1-8e44d8d06b52', 'fd65af7d-55c2-48a2-b300-c2e9ad5157ca', '7c27b63a-b4b0-4004-b793-9a9a6854c772', 'Петър', 'Николайев', 'petarnikolayev@autoservice.bg', 'UserPass!', '+359844182194', '2022-05-21 17:39:15');
INSERT INTO public.users (id, role_id, gender_id, first_name, last_name, email, password, phone, created_at) VALUES ('e5298f74-ecbd-4527-8762-ab5ba1accd43', '0fc5978d-b7e5-449b-b686-762951f3b9d4', '7c27b63a-b4b0-4004-b793-9a9a6854c772', 'Иван', 'Георгов', 'ivangeorgov@autoservice.bg', 'Mechanic!', '+359876545788', '2024-02-10 14:41:56');
INSERT INTO public.users (id, role_id, gender_id, first_name, last_name, email, password, phone, created_at) VALUES ('bab9edcf-fd78-44c1-a38c-e0ee8fee2e0d', 'fd65af7d-55c2-48a2-b300-c2e9ad5157ca', '7c27b63a-b4b0-4004-b793-9a9a6854c772', 'Борис', 'Василов', 'borisvasilov@autoservice.bg', 'UserPass!', '+359770941768', '2024-02-24 17:59:50');
INSERT INTO public.users (id, role_id, gender_id, first_name, last_name, email, password, phone, created_at) VALUES ('f2e89e94-637b-4a4d-adef-e84e7940ea25', 'fd65af7d-55c2-48a2-b300-c2e9ad5157ca', '0ce3e48f-eed3-4270-85b6-068a904ebd3f', 'Елена', 'Маринска', 'elenamarinska@autoservice.bg', 'UserPass!', '+359811861943', '2022-10-10 15:07:28');
INSERT INTO public.users (id, role_id, gender_id, first_name, last_name, email, password, phone, created_at) VALUES ('b24d45c1-c981-485f-aa86-486c852ed22e', 'fd65af7d-55c2-48a2-b300-c2e9ad5157ca', '7c27b63a-b4b0-4004-b793-9a9a6854c772', 'Райко', 'Павелев', 'raykopavelev@autoservice.bg', 'UserPass!', '+359707321768', '2023-08-03 07:13:37');
INSERT INTO public.users (id, role_id, gender_id, first_name, last_name, email, password, phone, created_at) VALUES ('7372ed1a-3087-4207-9660-3a3aadecb7c4', 'fd65af7d-55c2-48a2-b300-c2e9ad5157ca', '0ce3e48f-eed3-4270-85b6-068a904ebd3f', 'Ивана', 'Стоянева', 'ivanastoyaneva@autoservice.bg', 'UserPass!', '+359747777180', '2024-06-07 00:24:58');
INSERT INTO public.users (id, role_id, gender_id, first_name, last_name, email, password, phone, created_at) VALUES ('a40bbcf2-0a1e-4642-bb75-36ddf9427847', 'fd65af7d-55c2-48a2-b300-c2e9ad5157ca', '7c27b63a-b4b0-4004-b793-9a9a6854c772', 'Александър', 'Христски', 'aleksandarhristski@autoservice.bg', 'UserPass!', '+359787231868', '2022-07-06 15:20:58');
INSERT INTO public.users (id, role_id, gender_id, first_name, last_name, email, password, phone, created_at) VALUES ('423f2d32-4bc8-4fd0-ac6f-03fef86eabc6', '0fc5978d-b7e5-449b-b686-762951f3b9d4', '7c27b63a-b4b0-4004-b793-9a9a6854c772', 'Стоян', 'Станев', 'stoyanstanev@autoservice.bg', 'Mechanic!', '+359868616075', '2024-08-23 04:12:36');
INSERT INTO public.users (id, role_id, gender_id, first_name, last_name, email, password, phone, created_at) VALUES ('eca87cdd-5277-4e1d-9a53-de037183825f', 'fd65af7d-55c2-48a2-b300-c2e9ad5157ca', '7c27b63a-b4b0-4004-b793-9a9a6854c772', 'Теодор', 'Георгев', 'teodorgeorgev@autoservice.bg', 'UserPass!', '+359788661025', '2024-06-01 03:30:17');

-- Insert vehicles
INSERT INTO public.vehicles (id, owner_id, fuel_type_id, status_id, make, model, vin, plate_number, year, created_at) VALUES ('5b5e9e4f-b383-496f-9f1a-1699ae8647b6', '643ae861-7b94-4665-87ea-1c2a62826dd9', 'd53be12f-830d-4982-b8c7-6b6e9a77af76', '1fd3bded-260d-4082-a84d-5de69c087745', 'BMW', '3 Series', 'B2TD1F5WJPNLVLRBQ', 'CA9361АК', 2014, '2023-06-21 01:11:48');
INSERT INTO public.vehicles (id, owner_id, fuel_type_id, status_id, make, model, vin, plate_number, year, created_at) VALUES ('855d837e-bd2c-460a-9ea3-6d83a82efeaa', '643ae861-7b94-4665-87ea-1c2a62826dd9', 'f726b881-2634-4cd3-bd4e-be0d50687c20', '6f53d102-3377-4821-9b17-c51d3bb36f2e', 'BMW', '3 Series', '5RJHKLNWN5PFFLLHF', 'СА2362АК', 2023, '2022-02-18 23:22:49');
INSERT INTO public.vehicles (id, owner_id, fuel_type_id, status_id, make, model, vin, plate_number, year, created_at) VALUES ('c66377fd-03ad-4e41-8d98-18af7daa3748', '4a11dbe1-c72c-46a8-a167-0fef5ab59a07', 'f726b881-2634-4cd3-bd4e-be0d50687c20', 'e0762549-5d15-4d47-b3af-4a0bd51312b5', 'Peugeot', '308', 'FHUM9K4DSTXOS2FTV', 'PB1668ВК', 2012, '2023-12-12 15:53:17');
INSERT INTO public.vehicles (id, owner_id, fuel_type_id, status_id, make, model, vin, plate_number, year, created_at) VALUES ('7c8789b4-9d34-4815-915a-1ac05e3a2b83', '4a11dbe1-c72c-46a8-a167-0fef5ab59a07', 'f34816d1-654a-46e8-9397-7c476f8d8fe6', 'f2536c37-731b-4cc4-8ecf-0c0df6a15026', 'Peugeot', '308', '5M3XAQBL2EUCD8DG7', 'BT1402РТ', 2016, '2025-07-21 03:05:11');
INSERT INTO public.vehicles (id, owner_id, fuel_type_id, status_id, make, model, vin, plate_number, year, created_at) VALUES ('5c623438-8d52-4820-9eb9-93f5d2356e27', 'b3de96c7-66c5-4fd9-9cec-7989ea331063', '98ee4d83-f1b2-486b-8f44-73c2e660facc', 'f2536c37-731b-4cc4-8ecf-0c0df6a15026', 'Hyundai', 'i30', 'P6L2NT9YQGHUTHYQ1', 'СА8543НТ', 2013, '2022-04-24 17:33:54');
INSERT INTO public.vehicles (id, owner_id, fuel_type_id, status_id, make, model, vin, plate_number, year, created_at) VALUES ('93ec3af0-972e-4b12-8ac1-d5721470791a', 'f6448975-8e02-492d-a888-31b1c362b624', 'aed4709b-3bd7-4fa9-8374-c3b8fa84d20a', '6f53d102-3377-4821-9b17-c51d3bb36f2e', 'Hyundai', 'i30', 'HJR0QOIQ4SSSTYIRC', 'СА2547РТ', 2021, '2022-06-22 11:25:05');
INSERT INTO public.vehicles (id, owner_id, fuel_type_id, status_id, make, model, vin, plate_number, year, created_at) VALUES ('e503040c-3942-4425-8985-501fe8d83f84', '6979202d-648d-4c60-b5c9-2c7ea08ded7f', 'aed4709b-3bd7-4fa9-8374-c3b8fa84d20a', '8410ab0a-f69b-491a-b1bb-004a36222af4', 'Mercedes', 'C Class', 'G08NUW2WSZA76YHWB', 'BT5976НТ', 2019, '2023-07-25 03:39:57');
INSERT INTO public.vehicles (id, owner_id, fuel_type_id, status_id, make, model, vin, plate_number, year, created_at) VALUES ('1258e623-704b-467f-b105-1fd058357685', '6979202d-648d-4c60-b5c9-2c7ea08ded7f', 'f726b881-2634-4cd3-bd4e-be0d50687c20', '6f53d102-3377-4821-9b17-c51d3bb36f2e', 'Mercedes', 'C Class', 'JUAU22LEVLKHOYOX0', 'CA5103ВК', 2021, '2024-06-05 16:37:59');
INSERT INTO public.vehicles (id, owner_id, fuel_type_id, status_id, make, model, vin, plate_number, year, created_at) VALUES ('89af7c9b-63aa-4981-916c-ccfccc8e5f4f', 'c29e821c-9adb-4ea4-a90a-14804a58a75f', 'f726b881-2634-4cd3-bd4e-be0d50687c20', 'e0762549-5d15-4d47-b3af-4a0bd51312b5', 'Opel', 'Astra', '8Z7FPZ03JLOODOX0I', 'CA5627КМ', 2007, '2025-03-12 19:11:51');
INSERT INTO public.vehicles (id, owner_id, fuel_type_id, status_id, make, model, vin, plate_number, year, created_at) VALUES ('a9a5a148-d7e1-4e74-8573-e11b6be60100', 'c29e821c-9adb-4ea4-a90a-14804a58a75f', '515e3e03-e4db-4061-bdc3-b7c66909bd79', 'a467544f-2f4e-44c7-bbc7-1efffcedf2e0', 'Ford', 'Focus', '6NLWLBIVQMOE1NYU6', 'CB1234РТ', 2024, '2022-07-25 12:05:09');
INSERT INTO public.vehicles (id, owner_id, fuel_type_id, status_id, make, model, vin, plate_number, year, created_at) VALUES ('305a03f5-f809-415e-9fa5-f235c1370eb6', 'c29e821c-9adb-4ea4-a90a-14804a58a75f', 'd53be12f-830d-4982-b8c7-6b6e9a77af76', '6f53d102-3377-4821-9b17-c51d3bb36f2e', 'Ford', 'Focus', 'OQWMK8IO6FT198ENN', 'BT1182НТ', 2013, '2024-10-20 20:15:41');
INSERT INTO public.vehicles (id, owner_id, fuel_type_id, status_id, make, model, vin, plate_number, year, created_at) VALUES ('f8254f50-d102-44eb-b384-a7f34aab5b5f', 'c98d0cc4-d639-4f4a-8339-422c0ee9ca28', 'aed4709b-3bd7-4fa9-8374-c3b8fa84d20a', '6f53d102-3377-4821-9b17-c51d3bb36f2e', 'Toyota', 'Corolla', 'XW89LLAEPXIDYYSFH', 'СА6522РТ', 2015, '2022-11-24 18:18:57');
INSERT INTO public.vehicles (id, owner_id, fuel_type_id, status_id, make, model, vin, plate_number, year, created_at) VALUES ('2cfe0a6f-9678-4624-a1c2-717903bed936', '380735c7-cc28-41bd-8911-2b6c90fec1f5', 'f34816d1-654a-46e8-9397-7c476f8d8fe6', '98ad9321-8b85-4ebd-ba65-39193352f6cc', 'Seat', 'Leon', '2I83FBNUA8YSRD00A', 'PB1772АК', 2018, '2022-07-25 06:41:14');
INSERT INTO public.vehicles (id, owner_id, fuel_type_id, status_id, make, model, vin, plate_number, year, created_at) VALUES ('67581e69-c469-41d0-8d1d-c0fa7102bf1d', '380735c7-cc28-41bd-8911-2b6c90fec1f5', 'd53be12f-830d-4982-b8c7-6b6e9a77af76', '6f53d102-3377-4821-9b17-c51d3bb36f2e', 'Seat', 'Leon', 'TOLJ7GZNP5J1F0JYK', 'PB6604ВК', 2007, '2024-03-14 23:15:55');
INSERT INTO public.vehicles (id, owner_id, fuel_type_id, status_id, make, model, vin, plate_number, year, created_at) VALUES ('a776afd9-a903-4205-bc34-229153f78098', 'ccd6fcf0-dc6e-4b2c-a1e1-8e44d8d06b52', '515e3e03-e4db-4061-bdc3-b7c66909bd79', '1fd3bded-260d-4082-a84d-5de69c087745', 'Renault', 'Megane', 'D7XG2GXV2O8ZQEJES', 'PK7571КМ', 2012, '2024-09-16 15:52:14');
INSERT INTO public.vehicles (id, owner_id, fuel_type_id, status_id, make, model, vin, plate_number, year, created_at) VALUES ('5ca7ff97-dfdd-4f60-9c52-c7ed7ae67ede', 'ccd6fcf0-dc6e-4b2c-a1e1-8e44d8d06b52', '515e3e03-e4db-4061-bdc3-b7c66909bd79', '8410ab0a-f69b-491a-b1bb-004a36222af4', 'Volkswagen', 'Golf', 'YXU2VJNLK6ZWQRDRV', 'BT3413РТ', 2018, '2022-09-29 07:04:14');
INSERT INTO public.vehicles (id, owner_id, fuel_type_id, status_id, make, model, vin, plate_number, year, created_at) VALUES ('9b396560-105c-4330-9937-8a3233f5bdf8', 'ccd6fcf0-dc6e-4b2c-a1e1-8e44d8d06b52', 'aed4709b-3bd7-4fa9-8374-c3b8fa84d20a', '6f53d102-3377-4821-9b17-c51d3bb36f2e', 'Hyundai', 'i30', 'GGA5E61CET83RVMDA', 'CB4584АК', 2020, '2022-06-05 00:24:50');
INSERT INTO public.vehicles (id, owner_id, fuel_type_id, status_id, make, model, vin, plate_number, year, created_at) VALUES ('681824f7-12b7-43e0-baab-fca430b4b68d', 'bab9edcf-fd78-44c1-a38c-e0ee8fee2e0d', '515e3e03-e4db-4061-bdc3-b7c66909bd79', 'e0762549-5d15-4d47-b3af-4a0bd51312b5', 'Ford', 'Focus', 'LQXWS4OFYM7OAM8R3', 'СА2203НТ', 2018, '2022-07-06 02:11:31');
INSERT INTO public.vehicles (id, owner_id, fuel_type_id, status_id, make, model, vin, plate_number, year, created_at) VALUES ('70ff0e77-6acb-4b68-8514-25d7213bd84c', 'bab9edcf-fd78-44c1-a38c-e0ee8fee2e0d', '515e3e03-e4db-4061-bdc3-b7c66909bd79', 'f2536c37-731b-4cc4-8ecf-0c0df6a15026', 'Kia', 'Ceed', 'DOLUXIJAEN6GOAVPL', 'PB2243КМ', 2019, '2023-10-15 17:28:25');
INSERT INTO public.vehicles (id, owner_id, fuel_type_id, status_id, make, model, vin, plate_number, year, created_at) VALUES ('44c6f3c3-532c-44a8-b50a-504c01de332a', 'f2e89e94-637b-4a4d-adef-e84e7940ea25', 'f34816d1-654a-46e8-9397-7c476f8d8fe6', '8410ab0a-f69b-491a-b1bb-004a36222af4', 'Seat', 'Leon', 'NA1QTX3SPEBFF7UAL', 'BT1883ВК', 2020, '2023-05-23 13:37:37');
INSERT INTO public.vehicles (id, owner_id, fuel_type_id, status_id, make, model, vin, plate_number, year, created_at) VALUES ('91b90eff-9f38-4a85-8440-d093d14108fe', 'f2e89e94-637b-4a4d-adef-e84e7940ea25', 'aed4709b-3bd7-4fa9-8374-c3b8fa84d20a', 'e0762549-5d15-4d47-b3af-4a0bd51312b5', 'Mazda', '3', 'JLC2R0UDJL2M82YTY', 'PB7771КМ', 2017, '2022-04-26 22:04:49');
INSERT INTO public.vehicles (id, owner_id, fuel_type_id, status_id, make, model, vin, plate_number, year, created_at) VALUES ('873f1bfa-35aa-4318-86c7-5ba4eb5982fd', 'b24d45c1-c981-485f-aa86-486c852ed22e', 'f34816d1-654a-46e8-9397-7c476f8d8fe6', '6f53d102-3377-4821-9b17-c51d3bb36f2e', 'Ford', 'Focus', 'PYIML38DAMYP18XXF', 'BT8529НТ', 2007, '2022-10-31 06:01:48');
INSERT INTO public.vehicles (id, owner_id, fuel_type_id, status_id, make, model, vin, plate_number, year, created_at) VALUES ('7e665ff8-ab19-4a87-8aff-9b361bf07e9a', '7372ed1a-3087-4207-9660-3a3aadecb7c4', 'f34816d1-654a-46e8-9397-7c476f8d8fe6', '98ad9321-8b85-4ebd-ba65-39193352f6cc', 'Opel', 'Astra', 'H5LM3275AIUI4017Z', 'PK7493КМ', 2021, '2022-08-04 10:42:12');
INSERT INTO public.vehicles (id, owner_id, fuel_type_id, status_id, make, model, vin, plate_number, year, created_at) VALUES ('d994a18c-0eed-47a7-a3d3-fbad268ed170', 'a40bbcf2-0a1e-4642-bb75-36ddf9427847', '515e3e03-e4db-4061-bdc3-b7c66909bd79', 'f4dc9799-f712-45dd-8171-d597334aac61', 'Ford', 'Focus', 'BF51EVU51SHDHHFGN', 'CA6777КМ', 2010, '2024-09-27 14:44:35');
INSERT INTO public.vehicles (id, owner_id, fuel_type_id, status_id, make, model, vin, plate_number, year, created_at) VALUES ('f09570fd-6e04-4961-8ab5-ebf97e3f6c07', 'eca87cdd-5277-4e1d-9a53-de037183825f', 'aed4709b-3bd7-4fa9-8374-c3b8fa84d20a', 'e0762549-5d15-4d47-b3af-4a0bd51312b5', 'BMW', '3 Series', '1JR3552XANZICV190', 'PB4643КМ', 2021, '2023-12-21 01:11:55');
INSERT INTO public.vehicles (id, owner_id, fuel_type_id, status_id, make, model, vin, plate_number, year, created_at) VALUES ('7cab76fa-00bf-4d85-9371-02aeb714b433', 'eca87cdd-5277-4e1d-9a53-de037183825f', 'aed4709b-3bd7-4fa9-8374-c3b8fa84d20a', '8410ab0a-f69b-491a-b1bb-004a36222af4', 'Toyota', 'Corolla', '2HP9SAD5WKEV99Z14', 'СА9487АК', 2017, '2022-09-13 11:05:23');

-- Insert repair requests
INSERT INTO public.repair_requests (id, vehicle_id, customer_id, status_id, title, description, requested_at, scheduled_for, created_at, updated_at) VALUES ('b82b12c2-7098-4252-8641-45f54c26436c', '5b5e9e4f-b383-496f-9f1a-1699ae8647b6', '643ae861-7b94-4665-87ea-1c2a62826dd9', '6f53d102-3377-4821-9b17-c51d3bb36f2e', 'Изтичане на антифриз', 'Има грешка в ECU, желая диагностика и ремонт.', '2025-10-24 11:41:25', '2025-11-10 11:41:25', '2025-10-22 11:41:25', '2025-11-15 11:41:25');
INSERT INTO public.repair_requests (id, vehicle_id, customer_id, status_id, title, description, requested_at, scheduled_for, created_at, updated_at) VALUES ('02763dd0-9023-419d-a2db-86f7a0c4254a', '5b5e9e4f-b383-496f-9f1a-1699ae8647b6', '643ae861-7b94-4665-87ea-1c2a62826dd9', '6f53d102-3377-4821-9b17-c51d3bb36f2e', 'Диагностика на електроника', 'Моторът изгуби мощност и светна индикатор за грешка.', '2025-02-07 02:36:32', '2025-05-01 02:36:32', '2025-01-31 02:36:32', '2025-05-05 02:36:32');
INSERT INTO public.repair_requests (id, vehicle_id, customer_id, status_id, title, description, requested_at, scheduled_for, created_at, updated_at) VALUES ('8c8e4ba8-1208-40fc-848a-7d0385303fcd', '855d837e-bd2c-460a-9ea3-6d83a82efeaa', '643ae861-7b94-4665-87ea-1c2a62826dd9', 'f4dc9799-f712-45dd-8171-d597334aac61', 'Смяна на спирачни накладки', 'Намалява течът на антифриз при работа на двигателя.', '2023-10-05 16:15:34', '2023-12-23 16:15:34', '2023-10-03 16:15:34', '2023-12-23 16:15:34');
INSERT INTO public.repair_requests (id, vehicle_id, customer_id, status_id, title, description, requested_at, scheduled_for, created_at, updated_at) VALUES ('8fe4fcc2-eb43-42cd-83f8-abb77d6213f5', 'c66377fd-03ad-4e41-8d98-18af7daa3748', '4a11dbe1-c72c-46a8-a167-0fef5ab59a07', 'e0762549-5d15-4d47-b3af-4a0bd51312b5', 'Неизправност на двигателя', 'Спирачките издават писклив звук и педалът е мек.', '2024-11-25 02:23:42', '2024-12-05 02:23:42', '2024-11-19 02:23:42', '2024-12-09 02:23:42');
INSERT INTO public.repair_requests (id, vehicle_id, customer_id, status_id, title, description, requested_at, scheduled_for, created_at, updated_at) VALUES ('c33ee449-f68f-485e-bca8-17b538424e14', '7c8789b4-9d34-4815-915a-1ac05e3a2b83', '4a11dbe1-c72c-46a8-a167-0fef5ab59a07', 'f2536c37-731b-4cc4-8ecf-0c0df6a15026', 'Проблем със стартер', 'Необходима е смяна на моторно масло и филтри.', '2025-08-29 12:57:05', '2025-11-03 12:57:05', '2025-08-26 12:57:05', '2025-11-03 12:57:05');
INSERT INTO public.repair_requests (id, vehicle_id, customer_id, status_id, title, description, requested_at, scheduled_for, created_at, updated_at) VALUES ('3ece7925-d8f2-4722-b276-810e20a7e6d0', '7c8789b4-9d34-4815-915a-1ac05e3a2b83', '4a11dbe1-c72c-46a8-a167-0fef5ab59a07', '8410ab0a-f69b-491a-b1bb-004a36222af4', 'Изтичане на антифриз', 'Акумулаторът бързо се изтощава и не държи заряд.', '2022-09-05 13:36:34', '2022-08-29 13:36:34', '2022-09-01 13:36:34', '2022-09-04 13:36:34');
INSERT INTO public.repair_requests (id, vehicle_id, customer_id, status_id, title, description, requested_at, scheduled_for, created_at, updated_at) VALUES ('be30bef1-bc8f-4671-8b3b-6c463589e96c', '5c623438-8d52-4820-9eb9-93f5d2356e27', 'b3de96c7-66c5-4fd9-9cec-7989ea331063', '8410ab0a-f69b-491a-b1bb-004a36222af4', 'Неизправност на двигателя', 'Климатика не охлажда достатъчно.', '2023-07-12 05:11:45', '2023-07-30 05:11:45', '2023-07-11 05:11:45', '2023-08-05 05:11:45');
INSERT INTO public.repair_requests (id, vehicle_id, customer_id, status_id, title, description, requested_at, scheduled_for, created_at, updated_at) VALUES ('92265acb-6281-449b-bdd0-e7dc796ad08e', '93ec3af0-972e-4b12-8ac1-d5721470791a', 'f6448975-8e02-492d-a888-31b1c362b624', 'f2536c37-731b-4cc4-8ecf-0c0df6a15026', 'Шум от окачването', 'При преминаване през неравности се чува тропане отзад.', '2025-12-19 00:25:47', '2025-11-23 00:25:47', '2025-12-17 00:25:47', '2025-11-28 00:25:47');
INSERT INTO public.repair_requests (id, vehicle_id, customer_id, status_id, title, description, requested_at, scheduled_for, created_at, updated_at) VALUES ('53cfa363-a221-47a2-886e-86213e725985', 'e503040c-3942-4425-8985-501fe8d83f84', '6979202d-648d-4c60-b5c9-2c7ea08ded7f', '1fd3bded-260d-4082-a84d-5de69c087745', 'Проверка и смяна на масло', 'Колата не запалва на пръв опит, нужда от проверка на стартер/алтернатор.', '2025-07-06 05:51:35', '2025-09-02 05:51:35', '2025-07-03 05:51:35', '2025-09-03 05:51:35');
INSERT INTO public.repair_requests (id, vehicle_id, customer_id, status_id, title, description, requested_at, scheduled_for, created_at, updated_at) VALUES ('a738e75d-7b3a-406b-98f5-718aa5b4d9ce', 'e503040c-3942-4425-8985-501fe8d83f84', '6979202d-648d-4c60-b5c9-2c7ea08ded7f', '8410ab0a-f69b-491a-b1bb-004a36222af4', 'Проблем със спирачките', 'Колата не запалва на пръв опит, нужда от проверка на стартер/алтернатор.', '2025-07-23 02:03:16', '2025-09-20 02:03:16', '2025-07-17 02:03:16', '2025-09-24 02:03:16');
INSERT INTO public.repair_requests (id, vehicle_id, customer_id, status_id, title, description, requested_at, scheduled_for, created_at, updated_at) VALUES ('c82fb142-38a6-455b-9cde-b3c714d0b01f', 'e503040c-3942-4425-8985-501fe8d83f84', '6979202d-648d-4c60-b5c9-2c7ea08ded7f', 'f2536c37-731b-4cc4-8ecf-0c0df6a15026', 'Шум от окачването', 'Спирачките издават писклив звук и педалът е мек.', '2023-05-09 09:51:46', '2023-06-06 09:51:46', '2023-05-08 09:51:46', '2023-06-10 09:51:46');
INSERT INTO public.repair_requests (id, vehicle_id, customer_id, status_id, title, description, requested_at, scheduled_for, created_at, updated_at) VALUES ('2e426ee9-31a2-4a0f-9402-0a782047d1d5', '1258e623-704b-467f-b105-1fd058357685', '6979202d-648d-4c60-b5c9-2c7ea08ded7f', 'f4dc9799-f712-45dd-8171-d597334aac61', 'Проблем със спирачките', 'Намалява течът на антифриз при работа на двигателя.', '2025-03-10 00:15:22', '2025-05-25 00:15:22', '2025-03-10 00:15:22', '2025-05-29 00:15:22');
INSERT INTO public.repair_requests (id, vehicle_id, customer_id, status_id, title, description, requested_at, scheduled_for, created_at, updated_at) VALUES ('87cc294c-dc7b-42e1-8112-67b05569832f', '1258e623-704b-467f-b105-1fd058357685', '6979202d-648d-4c60-b5c9-2c7ea08ded7f', '8410ab0a-f69b-491a-b1bb-004a36222af4', 'Неизправност на двигателя', 'Климатика не охлажда достатъчно.', '2023-10-18 11:41:35', '2024-01-15 11:41:35', '2023-10-11 11:41:35', '2024-01-15 11:41:35');
INSERT INTO public.repair_requests (id, vehicle_id, customer_id, status_id, title, description, requested_at, scheduled_for, created_at, updated_at) VALUES ('5cbe8ef2-720a-48d9-9bed-c0b90c6875c6', '89af7c9b-63aa-4981-916c-ccfccc8e5f4f', 'c29e821c-9adb-4ea4-a90a-14804a58a75f', '8410ab0a-f69b-491a-b1bb-004a36222af4', 'Проблем със стартер', 'Има грешка в ECU, желая диагностика и ремонт.', '2025-03-27 07:32:39', '2025-03-09 07:32:39', '2025-03-21 07:32:39', '2025-03-13 07:32:39');
INSERT INTO public.repair_requests (id, vehicle_id, customer_id, status_id, title, description, requested_at, scheduled_for, created_at, updated_at) VALUES ('b251c34e-ca72-4be3-9b2d-d6bbe1c1b5e3', '89af7c9b-63aa-4981-916c-ccfccc8e5f4f', 'c29e821c-9adb-4ea4-a90a-14804a58a75f', '8410ab0a-f69b-491a-b1bb-004a36222af4', 'Проблем със стартер', 'Климатика не охлажда достатъчно.', '2022-05-25 07:54:59', '2022-07-08 07:54:59', '2022-05-20 07:54:59', '2022-07-14 07:54:59');
INSERT INTO public.repair_requests (id, vehicle_id, customer_id, status_id, title, description, requested_at, scheduled_for, created_at, updated_at) VALUES ('cb1ad6b1-c929-4116-9355-500f075e0e33', '89af7c9b-63aa-4981-916c-ccfccc8e5f4f', 'c29e821c-9adb-4ea4-a90a-14804a58a75f', 'f2536c37-731b-4cc4-8ecf-0c0df6a15026', 'Шум от окачването', 'Има грешка в ECU, желая диагностика и ремонт.', '2024-12-14 05:53:02', '2025-02-18 05:53:02', '2024-12-14 05:53:02', '2025-02-23 05:53:02');
INSERT INTO public.repair_requests (id, vehicle_id, customer_id, status_id, title, description, requested_at, scheduled_for, created_at, updated_at) VALUES ('4503860a-42b2-4836-97ed-0057296596df', 'a9a5a148-d7e1-4e74-8573-e11b6be60100', 'c29e821c-9adb-4ea4-a90a-14804a58a75f', 'f4dc9799-f712-45dd-8171-d597334aac61', 'Смяна на спирачни накладки', 'Клиентът докладва, че се чува силно скърцане при спиране.', '2024-10-20 14:59:38', '2024-10-01 14:59:38', '2024-10-15 14:59:38', '2024-10-05 14:59:38');
INSERT INTO public.repair_requests (id, vehicle_id, customer_id, status_id, title, description, requested_at, scheduled_for, created_at, updated_at) VALUES ('28f994d1-7072-4833-a954-abb39338abf0', 'a9a5a148-d7e1-4e74-8573-e11b6be60100', 'c29e821c-9adb-4ea4-a90a-14804a58a75f', '1fd3bded-260d-4082-a84d-5de69c087745', 'Смяна на спирачни накладки', 'Необходима е смяна на моторно масло и филтри.', '2024-01-25 04:06:08', '2024-04-07 04:06:08', '2024-01-23 04:06:08', '2024-04-07 04:06:08');
INSERT INTO public.repair_requests (id, vehicle_id, customer_id, status_id, title, description, requested_at, scheduled_for, created_at, updated_at) VALUES ('97d40765-8106-4d69-8855-64f6eb5e708b', 'a9a5a148-d7e1-4e74-8573-e11b6be60100', 'c29e821c-9adb-4ea4-a90a-14804a58a75f', '6f53d102-3377-4821-9b17-c51d3bb36f2e', 'Проблем с климатизацията', 'Спирачките издават писклив звук и педалът е мек.', '2024-07-30 21:37:07', '2024-10-16 21:37:07', '2024-07-29 21:37:07', '2024-10-17 21:37:07');
INSERT INTO public.repair_requests (id, vehicle_id, customer_id, status_id, title, description, requested_at, scheduled_for, created_at, updated_at) VALUES ('99f57f7e-132a-4f76-a5d3-f5d09088b8cc', '305a03f5-f809-415e-9fa5-f235c1370eb6', 'c29e821c-9adb-4ea4-a90a-14804a58a75f', 'a467544f-2f4e-44c7-bbc7-1efffcedf2e0', 'Неизправност на двигателя', 'Клиентът докладва, че се чува силно скърцане при спиране.', '2023-09-04 10:26:16', '2023-08-06 10:26:16', '2023-08-29 10:26:16', '2023-08-12 10:26:16');
INSERT INTO public.repair_requests (id, vehicle_id, customer_id, status_id, title, description, requested_at, scheduled_for, created_at, updated_at) VALUES ('00206936-6bc1-4fee-92f6-f4423d29eb7a', '305a03f5-f809-415e-9fa5-f235c1370eb6', 'c29e821c-9adb-4ea4-a90a-14804a58a75f', '6f53d102-3377-4821-9b17-c51d3bb36f2e', 'Проверка и смяна на масло', 'Клиентът докладва, че се чува силно скърцане при спиране.', '2025-12-03 14:23:50', '2025-11-15 14:23:50', '2025-12-02 14:23:50', '2025-11-16 14:23:50');
INSERT INTO public.repair_requests (id, vehicle_id, customer_id, status_id, title, description, requested_at, scheduled_for, created_at, updated_at) VALUES ('44c0024a-4576-4485-9750-9afb4c8ea971', '305a03f5-f809-415e-9fa5-f235c1370eb6', 'c29e821c-9adb-4ea4-a90a-14804a58a75f', '98ad9321-8b85-4ebd-ba65-39193352f6cc', 'Проблем със стартер', 'Колата не запалва на пръв опит, нужда от проверка на стартер/алтернатор.', '2024-12-03 01:40:20', '2025-02-07 01:40:20', '2024-11-30 01:40:20', '2025-02-10 01:40:20');
INSERT INTO public.repair_requests (id, vehicle_id, customer_id, status_id, title, description, requested_at, scheduled_for, created_at, updated_at) VALUES ('94874292-e9c8-4667-ad4a-d1d713a53126', 'f8254f50-d102-44eb-b384-a7f34aab5b5f', 'c98d0cc4-d639-4f4a-8339-422c0ee9ca28', '8410ab0a-f69b-491a-b1bb-004a36222af4', 'Изтичане на антифриз', 'При преминаване през неравности се чува тропане отзад.', '2023-01-04 18:02:05', '2022-12-07 18:02:05', '2022-12-29 18:02:05', '2022-12-12 18:02:05');
INSERT INTO public.repair_requests (id, vehicle_id, customer_id, status_id, title, description, requested_at, scheduled_for, created_at, updated_at) VALUES ('9012f3ac-4f2e-490b-9d55-938ae1f48089', '2cfe0a6f-9678-4624-a1c2-717903bed936', '380735c7-cc28-41bd-8911-2b6c90fec1f5', '8410ab0a-f69b-491a-b1bb-004a36222af4', 'Шум от окачването', 'Има грешка в ECU, желая диагностика и ремонт.', '2024-04-29 11:30:32', '2024-05-29 11:30:32', '2024-04-26 11:30:32', '2024-06-04 11:30:32');
INSERT INTO public.repair_requests (id, vehicle_id, customer_id, status_id, title, description, requested_at, scheduled_for, created_at, updated_at) VALUES ('61f8a649-57c0-4681-814d-c36519b765d3', '2cfe0a6f-9678-4624-a1c2-717903bed936', '380735c7-cc28-41bd-8911-2b6c90fec1f5', '6f53d102-3377-4821-9b17-c51d3bb36f2e', 'Диагностика на електроника', 'Колата не запалва на пръв опит, нужда от проверка на стартер/алтернатор.', '2025-06-12 18:14:35', '2025-07-08 18:14:35', '2025-06-08 18:14:35', '2025-07-15 18:14:35');
INSERT INTO public.repair_requests (id, vehicle_id, customer_id, status_id, title, description, requested_at, scheduled_for, created_at, updated_at) VALUES ('2f73fe6c-dfdb-4080-80c5-5506acf71d3b', '67581e69-c469-41d0-8d1d-c0fa7102bf1d', '380735c7-cc28-41bd-8911-2b6c90fec1f5', '8410ab0a-f69b-491a-b1bb-004a36222af4', 'Проблем със спирачките', 'Колата не запалва на пръв опит, нужда от проверка на стартер/алтернатор.', '2023-01-30 15:54:28', '2023-04-07 15:54:28', '2023-01-24 15:54:28', '2023-04-13 15:54:28');
INSERT INTO public.repair_requests (id, vehicle_id, customer_id, status_id, title, description, requested_at, scheduled_for, created_at, updated_at) VALUES ('928e5990-c055-486e-96a8-8eca017f5e7c', '67581e69-c469-41d0-8d1d-c0fa7102bf1d', '380735c7-cc28-41bd-8911-2b6c90fec1f5', 'a467544f-2f4e-44c7-bbc7-1efffcedf2e0', 'Проверка и смяна на масло', 'Климатика не охлажда достатъчно.', '2025-08-14 16:17:49', '2025-07-29 16:17:49', '2025-08-10 16:17:49', '2025-08-02 16:17:49');
INSERT INTO public.repair_requests (id, vehicle_id, customer_id, status_id, title, description, requested_at, scheduled_for, created_at, updated_at) VALUES ('80050a62-313d-43f7-ad0a-981789cd9df1', '67581e69-c469-41d0-8d1d-c0fa7102bf1d', '380735c7-cc28-41bd-8911-2b6c90fec1f5', 'a467544f-2f4e-44c7-bbc7-1efffcedf2e0', 'Неизправност на двигателя', 'Има грешка в ECU, желая диагностика и ремонт.', '2025-06-14 00:09:18', '2025-08-07 00:09:18', '2025-06-08 00:09:18', '2025-08-14 00:09:18');
INSERT INTO public.repair_requests (id, vehicle_id, customer_id, status_id, title, description, requested_at, scheduled_for, created_at, updated_at) VALUES ('3d198bdc-104e-400c-ad33-17db8047a974', 'a776afd9-a903-4205-bc34-229153f78098', 'ccd6fcf0-dc6e-4b2c-a1e1-8e44d8d06b52', 'f4dc9799-f712-45dd-8171-d597334aac61', 'Диагностика на електроника', 'Спирачките издават писклив звук и педалът е мек.', '2023-02-04 00:08:26', '2023-04-15 00:08:26', '2023-01-29 00:08:26', '2023-04-15 00:08:26');
INSERT INTO public.repair_requests (id, vehicle_id, customer_id, status_id, title, description, requested_at, scheduled_for, created_at, updated_at) VALUES ('3bf5160e-632f-4445-8928-3f5f45232597', 'a776afd9-a903-4205-bc34-229153f78098', 'ccd6fcf0-dc6e-4b2c-a1e1-8e44d8d06b52', '98ad9321-8b85-4ebd-ba65-39193352f6cc', 'Проблем със стартер', 'Моторът изгуби мощност и светна индикатор за грешка.', '2022-09-05 07:10:15', '2022-09-17 07:10:15', '2022-09-03 07:10:15', '2022-09-20 07:10:15');
INSERT INTO public.repair_requests (id, vehicle_id, customer_id, status_id, title, description, requested_at, scheduled_for, created_at, updated_at) VALUES ('5762a2d6-e1ce-4f0b-a987-544749136912', '5ca7ff97-dfdd-4f60-9c52-c7ed7ae67ede', 'ccd6fcf0-dc6e-4b2c-a1e1-8e44d8d06b52', 'f4dc9799-f712-45dd-8171-d597334aac61', 'Проблем със спирачките', 'Намалява течът на антифриз при работа на двигателя.', '2022-10-23 05:35:34', '2022-10-24 05:35:34', '2022-10-17 05:35:34', '2022-10-26 05:35:34');
INSERT INTO public.repair_requests (id, vehicle_id, customer_id, status_id, title, description, requested_at, scheduled_for, created_at, updated_at) VALUES ('909c68ee-c5f3-4f9d-b667-970c03edfac6', '5ca7ff97-dfdd-4f60-9c52-c7ed7ae67ede', 'ccd6fcf0-dc6e-4b2c-a1e1-8e44d8d06b52', 'f2536c37-731b-4cc4-8ecf-0c0df6a15026', 'Изтичане на антифриз', 'Намалява течът на антифриз при работа на двигателя.', '2025-11-17 15:54:02', '2026-01-07 15:54:02', '2025-11-12 15:54:02', '2026-01-08 15:54:02');
INSERT INTO public.repair_requests (id, vehicle_id, customer_id, status_id, title, description, requested_at, scheduled_for, created_at, updated_at) VALUES ('4f98092a-5eee-410c-9ded-86a0bb9d18ae', '9b396560-105c-4330-9937-8a3233f5bdf8', 'ccd6fcf0-dc6e-4b2c-a1e1-8e44d8d06b52', 'a467544f-2f4e-44c7-bbc7-1efffcedf2e0', 'Шум от окачването', 'Спирачките издават писклив звук и педалът е мек.', '2022-09-06 14:53:40', '2022-11-23 14:53:40', '2022-09-02 14:53:40', '2022-11-26 14:53:40');
INSERT INTO public.repair_requests (id, vehicle_id, customer_id, status_id, title, description, requested_at, scheduled_for, created_at, updated_at) VALUES ('4b3c7d62-be7a-4bd0-bf54-d9002ac77570', '681824f7-12b7-43e0-baab-fca430b4b68d', 'bab9edcf-fd78-44c1-a38c-e0ee8fee2e0d', 'f4dc9799-f712-45dd-8171-d597334aac61', 'Неизправност на двигателя', 'Клиентът докладва, че се чува силно скърцане при спиране.', '2024-04-16 21:18:56', '2024-05-12 21:18:56', '2024-04-14 21:18:56', '2024-05-13 21:18:56');
INSERT INTO public.repair_requests (id, vehicle_id, customer_id, status_id, title, description, requested_at, scheduled_for, created_at, updated_at) VALUES ('e7e4111f-b891-4ff3-ab1e-e45f7a0e6403', '70ff0e77-6acb-4b68-8514-25d7213bd84c', 'bab9edcf-fd78-44c1-a38c-e0ee8fee2e0d', '8410ab0a-f69b-491a-b1bb-004a36222af4', 'Проблем с климатизацията', 'Необходима е смяна на моторно масло и филтри.', '2025-06-13 14:01:40', '2025-07-25 14:01:40', '2025-06-11 14:01:40', '2025-07-25 14:01:40');
INSERT INTO public.repair_requests (id, vehicle_id, customer_id, status_id, title, description, requested_at, scheduled_for, created_at, updated_at) VALUES ('8ac0d078-dc19-47d4-935a-3b51193f5175', '44c6f3c3-532c-44a8-b50a-504c01de332a', 'f2e89e94-637b-4a4d-adef-e84e7940ea25', 'f2536c37-731b-4cc4-8ecf-0c0df6a15026', 'Неизправност на двигателя', 'Спирачките издават писклив звук и педалът е мек.', '2025-03-09 10:31:52', '2025-05-30 10:31:52', '2025-03-04 10:31:52', '2025-05-31 10:31:52');
INSERT INTO public.repair_requests (id, vehicle_id, customer_id, status_id, title, description, requested_at, scheduled_for, created_at, updated_at) VALUES ('cc2e0b88-7c56-4377-ba1c-cbf1e8920b52', '44c6f3c3-532c-44a8-b50a-504c01de332a', 'f2e89e94-637b-4a4d-adef-e84e7940ea25', 'e0762549-5d15-4d47-b3af-4a0bd51312b5', 'Диагностика на електроника', 'Спирачките издават писклив звук и педалът е мек.', '2023-08-17 22:10:37', '2023-08-03 22:10:37', '2023-08-10 22:10:37', '2023-08-07 22:10:37');
INSERT INTO public.repair_requests (id, vehicle_id, customer_id, status_id, title, description, requested_at, scheduled_for, created_at, updated_at) VALUES ('55717e5f-b522-4070-bc8d-174755a06d65', '91b90eff-9f38-4a85-8440-d093d14108fe', 'f2e89e94-637b-4a4d-adef-e84e7940ea25', '1fd3bded-260d-4082-a84d-5de69c087745', 'Проблем със стартер', 'Има грешка в ECU, желая диагностика и ремонт.', '2022-09-02 12:00:51', '2022-08-19 12:00:51', '2022-09-01 12:00:51', '2022-08-25 12:00:51');
INSERT INTO public.repair_requests (id, vehicle_id, customer_id, status_id, title, description, requested_at, scheduled_for, created_at, updated_at) VALUES ('ec8d7e10-cd45-43fe-a42d-8ed06b1b63e2', '91b90eff-9f38-4a85-8440-d093d14108fe', 'f2e89e94-637b-4a4d-adef-e84e7940ea25', 'a467544f-2f4e-44c7-bbc7-1efffcedf2e0', 'Смяна на акумулатор', 'Спирачките издават писклив звук и педалът е мек.', '2025-01-15 03:14:37', '2025-02-03 03:14:37', '2025-01-15 03:14:37', '2025-02-03 03:14:37');
INSERT INTO public.repair_requests (id, vehicle_id, customer_id, status_id, title, description, requested_at, scheduled_for, created_at, updated_at) VALUES ('2d5e2484-f47b-41cc-b549-7b7a55620dac', '873f1bfa-35aa-4318-86c7-5ba4eb5982fd', 'b24d45c1-c981-485f-aa86-486c852ed22e', '1fd3bded-260d-4082-a84d-5de69c087745', 'Проверка и смяна на масло', 'Клиентът докладва, че се чува силно скърцане при спиране.', '2022-01-13 04:18:02', '2022-01-06 04:18:02', '2022-01-07 04:18:02', '2022-01-12 04:18:02');
INSERT INTO public.repair_requests (id, vehicle_id, customer_id, status_id, title, description, requested_at, scheduled_for, created_at, updated_at) VALUES ('236dbe97-6c73-44ca-82f0-77b87c689393', '873f1bfa-35aa-4318-86c7-5ba4eb5982fd', 'b24d45c1-c981-485f-aa86-486c852ed22e', 'e0762549-5d15-4d47-b3af-4a0bd51312b5', 'Изтичане на антифриз', 'При преминаване през неравности се чува тропане отзад.', '2025-06-19 10:46:42', '2025-05-25 10:46:42', '2025-06-14 10:46:42', '2025-05-31 10:46:42');
INSERT INTO public.repair_requests (id, vehicle_id, customer_id, status_id, title, description, requested_at, scheduled_for, created_at, updated_at) VALUES ('808900de-0566-4d0c-8945-f36d4f08db6a', '7e665ff8-ab19-4a87-8aff-9b361bf07e9a', '7372ed1a-3087-4207-9660-3a3aadecb7c4', 'a467544f-2f4e-44c7-bbc7-1efffcedf2e0', 'Неизправност на двигателя', 'Има грешка в ECU, желая диагностика и ремонт.', '2024-03-05 14:06:10', '2024-05-15 14:06:10', '2024-03-01 14:06:10', '2024-05-21 14:06:10');
INSERT INTO public.repair_requests (id, vehicle_id, customer_id, status_id, title, description, requested_at, scheduled_for, created_at, updated_at) VALUES ('22358d8b-3b6f-4667-9873-7fe5cfa1a16d', 'd994a18c-0eed-47a7-a3d3-fbad268ed170', 'a40bbcf2-0a1e-4642-bb75-36ddf9427847', '98ad9321-8b85-4ebd-ba65-39193352f6cc', 'Диагностика на електроника', 'Моторът изгуби мощност и светна индикатор за грешка.', '2025-09-29 01:12:00', '2025-09-07 01:12:00', '2025-09-24 01:12:00', '2025-09-08 01:12:00');
INSERT INTO public.repair_requests (id, vehicle_id, customer_id, status_id, title, description, requested_at, scheduled_for, created_at, updated_at) VALUES ('79262995-af2b-4186-b8ae-d041ee14c73c', 'd994a18c-0eed-47a7-a3d3-fbad268ed170', 'a40bbcf2-0a1e-4642-bb75-36ddf9427847', '98ad9321-8b85-4ebd-ba65-39193352f6cc', 'Проблем със спирачките', 'Климатика не охлажда достатъчно.', '2023-02-04 13:47:20', '2023-03-29 13:47:20', '2023-02-02 13:47:20', '2023-04-03 13:47:20');
INSERT INTO public.repair_requests (id, vehicle_id, customer_id, status_id, title, description, requested_at, scheduled_for, created_at, updated_at) VALUES ('9b57a33d-1d6d-490b-bb61-fa33ed6319a6', 'd994a18c-0eed-47a7-a3d3-fbad268ed170', 'a40bbcf2-0a1e-4642-bb75-36ddf9427847', '6f53d102-3377-4821-9b17-c51d3bb36f2e', 'Диагностика на електроника', 'Акумулаторът бързо се изтощава и не държи заряд.', '2022-06-29 09:02:38', '2022-09-21 09:02:38', '2022-06-25 09:02:38', '2022-09-25 09:02:38');
INSERT INTO public.repair_requests (id, vehicle_id, customer_id, status_id, title, description, requested_at, scheduled_for, created_at, updated_at) VALUES ('5759171e-31e0-4548-98f5-d0eb68135c15', 'f09570fd-6e04-4961-8ab5-ebf97e3f6c07', 'eca87cdd-5277-4e1d-9a53-de037183825f', '98ad9321-8b85-4ebd-ba65-39193352f6cc', 'Шум от окачването', 'Спирачките издават писклив звук и педалът е мек.', '2025-11-26 22:51:33', '2025-11-02 22:51:33', '2025-11-22 22:51:33', '2025-11-07 22:51:33');
INSERT INTO public.repair_requests (id, vehicle_id, customer_id, status_id, title, description, requested_at, scheduled_for, created_at, updated_at) VALUES ('50fa108a-1c45-4458-9bd3-d7d55966ef23', 'f09570fd-6e04-4961-8ab5-ebf97e3f6c07', 'eca87cdd-5277-4e1d-9a53-de037183825f', 'f4dc9799-f712-45dd-8171-d597334aac61', 'Шум от окачването', 'Климатика не охлажда достатъчно.', '2024-05-06 12:57:21', '2024-06-05 12:57:21', '2024-05-04 12:57:21', '2024-06-10 12:57:21');
INSERT INTO public.repair_requests (id, vehicle_id, customer_id, status_id, title, description, requested_at, scheduled_for, created_at, updated_at) VALUES ('45ab5209-c383-4fec-b927-b0c962dc9cc1', 'f09570fd-6e04-4961-8ab5-ebf97e3f6c07', 'eca87cdd-5277-4e1d-9a53-de037183825f', 'f2536c37-731b-4cc4-8ecf-0c0df6a15026', 'Проблем с климатизацията', 'Клиентът докладва, че се чува силно скърцане при спиране.', '2024-02-28 20:28:40', '2024-02-04 20:28:40', '2024-02-22 20:28:40', '2024-02-04 20:28:40');
INSERT INTO public.repair_requests (id, vehicle_id, customer_id, status_id, title, description, requested_at, scheduled_for, created_at, updated_at) VALUES ('4ab34a23-42a6-4a91-b286-4edfe80c2ded', '7cab76fa-00bf-4d85-9371-02aeb714b433', 'eca87cdd-5277-4e1d-9a53-de037183825f', 'a467544f-2f4e-44c7-bbc7-1efffcedf2e0', 'Смяна на спирачни накладки', 'Моторът изгуби мощност и светна индикатор за грешка.', '2024-09-02 06:06:47', '2024-09-07 06:06:47', '2024-08-27 06:06:47', '2024-09-11 06:06:47');

-- Insert requests logs
INSERT INTO public.requests_logs (id, request_id, author_id, author_role_id, message, created_at) VALUES ('836a2711-a0d4-44d6-9df9-65c444cf1215', 'b82b12c2-7098-4252-8641-45f54c26436c', '45980866-4dca-43a8-b357-91a5da3dd554', '0fc5978d-b7e5-449b-b686-762951f3b9d4', 'Извършихме визуален преглед на окачването — амортисьорите са износени.', '2025-11-01 01:42:28');
INSERT INTO public.requests_logs (id, request_id, author_id, author_role_id, message, created_at) VALUES ('fd3ebc62-9643-4ae1-866a-262391feaf32', 'b82b12c2-7098-4252-8641-45f54c26436c', 'a088678a-cc04-4256-8b0b-d06a48eb354e', 'ace6c34c-7778-4459-89f1-49848ae58e68', 'Проверихме спирачната система; нужда от смяна на накладки и дискове.', '2025-10-26 16:15:42');
INSERT INTO public.requests_logs (id, request_id, author_id, author_role_id, message, created_at) VALUES ('8d29b7e7-5448-4d0f-ae05-a5666d26bca5', 'b82b12c2-7098-4252-8641-45f54c26436c', 'a605c994-6971-4e72-bffd-a69334722c0d', 'ace6c34c-7778-4459-89f1-49848ae58e68', 'Клиентът одобри предложените ремонти и части.', '2025-11-04 02:18:04');
INSERT INTO public.requests_logs (id, request_id, author_id, author_role_id, message, created_at) VALUES ('6a787deb-4034-49bd-b685-3e5eff1d2fc2', 'b82b12c2-7098-4252-8641-45f54c26436c', 'f2179fcc-0303-4bd3-8f7e-fedf04ee5194', 'ace6c34c-7778-4459-89f1-49848ae58e68', 'Предоставена е пробна обиколка; няма вибрации или допълнителни шумове.', '2025-11-02 04:50:11');
INSERT INTO public.requests_logs (id, request_id, author_id, author_role_id, message, created_at) VALUES ('2950f12d-6d1a-4861-8230-821573afa8f1', 'b82b12c2-7098-4252-8641-45f54c26436c', '0fa0745f-d6f7-4d0f-b960-603d20a83370', 'ace6c34c-7778-4459-89f1-49848ae58e68', 'Извършихме визуален преглед на окачването — амортисьорите са износени.', '2025-10-23 15:51:22');
INSERT INTO public.requests_logs (id, request_id, author_id, author_role_id, message, created_at) VALUES ('fe34a3ac-8bde-468b-92c9-9acb63592d6d', 'b82b12c2-7098-4252-8641-45f54c26436c', '423f2d32-4bc8-4fd0-ac6f-03fef86eabc6', '0fc5978d-b7e5-449b-b686-762951f3b9d4', 'Известие до клиента: колата е готова за получаване.', '2025-10-24 02:40:05');
INSERT INTO public.requests_logs (id, request_id, author_id, author_role_id, message, created_at) VALUES ('9a06c09a-8a93-4c4d-bd30-dd115ca2850e', 'b82b12c2-7098-4252-8641-45f54c26436c', '423f2d32-4bc8-4fd0-ac6f-03fef86eabc6', '0fc5978d-b7e5-449b-b686-762951f3b9d4', 'Наложи се свързване с доставчик за резервни части; очаква се доставка след 3 дни.', '2025-11-04 04:12:31');
INSERT INTO public.requests_logs (id, request_id, author_id, author_role_id, message, created_at) VALUES ('eccdeef6-12b5-4a22-a66e-1d57e871b3f4', 'b82b12c2-7098-4252-8641-45f54c26436c', 'e5298f74-ecbd-4527-8762-ab5ba1accd43', '0fc5978d-b7e5-449b-b686-762951f3b9d4', 'Проверихме спирачната система; нужда от смяна на накладки и дискове.', '2025-11-02 05:41:30');
INSERT INTO public.requests_logs (id, request_id, author_id, author_role_id, message, created_at) VALUES ('6a921332-fd59-499f-a98b-6ce592c1a464', 'b82b12c2-7098-4252-8641-45f54c26436c', 'a605c994-6971-4e72-bffd-a69334722c0d', 'ace6c34c-7778-4459-89f1-49848ae58e68', 'Крайна проверка: всички системи функционират нормално.', '2025-11-09 10:32:13');
INSERT INTO public.requests_logs (id, request_id, author_id, author_role_id, message, created_at) VALUES ('80d7fce4-1c20-436f-8aeb-2cbf2aaa424f', 'b82b12c2-7098-4252-8641-45f54c26436c', 'd7f15839-cb6c-4ac3-97a7-538eff5e47fa', '0fc5978d-b7e5-449b-b686-762951f3b9d4', 'Известие до клиента: колата е готова за получаване.', '2025-10-23 15:28:57');
INSERT INTO public.requests_logs (id, request_id, author_id, author_role_id, message, created_at) VALUES ('9aa1af73-d701-4f01-822a-f3e364e411d1', '02763dd0-9023-419d-a2db-86f7a0c4254a', '0fa0745f-d6f7-4d0f-b960-603d20a83370', 'ace6c34c-7778-4459-89f1-49848ae58e68', 'Започнато е ремонтно действие; необходим е още 1 работен ден.', '2025-02-18 13:23:55');
INSERT INTO public.requests_logs (id, request_id, author_id, author_role_id, message, created_at) VALUES ('f83f13c8-0666-4b3c-8958-0e37ebef1531', '02763dd0-9023-419d-a2db-86f7a0c4254a', 'a088678a-cc04-4256-8b0b-d06a48eb354e', 'ace6c34c-7778-4459-89f1-49848ae58e68', 'Клиентът одобри предложените ремонти и части.', '2025-02-11 05:52:52');
INSERT INTO public.requests_logs (id, request_id, author_id, author_role_id, message, created_at) VALUES ('cbf10fa0-16f0-4bd9-9121-a3ae4f62a110', '02763dd0-9023-419d-a2db-86f7a0c4254a', 'cf079cda-e7f3-4ef2-821e-f8c3f16e3008', 'ace6c34c-7778-4459-89f1-49848ae58e68', 'Проверихме спирачната система; нужда от смяна на накладки и дискове.', '2025-02-12 04:54:52');
INSERT INTO public.requests_logs (id, request_id, author_id, author_role_id, message, created_at) VALUES ('dcc89fe2-9068-4143-8ac8-6402a87e912f', '02763dd0-9023-419d-a2db-86f7a0c4254a', '45980866-4dca-43a8-b357-91a5da3dd554', '0fc5978d-b7e5-449b-b686-762951f3b9d4', 'Проверихме спирачната система; нужда от смяна на накладки и дискове.', '2025-04-21 06:11:44');
INSERT INTO public.requests_logs (id, request_id, author_id, author_role_id, message, created_at) VALUES ('085c6ffc-712b-43f2-afa5-d2342b267972', '8c8e4ba8-1208-40fc-848a-7d0385303fcd', 'f2179fcc-0303-4bd3-8f7e-fedf04ee5194', 'ace6c34c-7778-4459-89f1-49848ae58e68', 'Започнато е ремонтно действие; необходим е още 1 работен ден.', '2023-11-22 13:00:52');
INSERT INTO public.requests_logs (id, request_id, author_id, author_role_id, message, created_at) VALUES ('6ed57870-cb1b-49b1-9131-9617f152ac02', '8c8e4ba8-1208-40fc-848a-7d0385303fcd', 'a605c994-6971-4e72-bffd-a69334722c0d', 'ace6c34c-7778-4459-89f1-49848ae58e68', 'Проверихме спирачната система; нужда от смяна на накладки и дискове.', '2023-12-19 15:00:33');
INSERT INTO public.requests_logs (id, request_id, author_id, author_role_id, message, created_at) VALUES ('692c3079-3490-4c8c-bbe3-4f25465e1f44', '8c8e4ba8-1208-40fc-848a-7d0385303fcd', '423f2d32-4bc8-4fd0-ac6f-03fef86eabc6', '0fc5978d-b7e5-449b-b686-762951f3b9d4', 'Проверихме спирачната система; нужда от смяна на накладки и дискове.', '2023-12-18 11:05:28');
INSERT INTO public.requests_logs (id, request_id, author_id, author_role_id, message, created_at) VALUES ('2e2dfd04-9756-4d89-a7c8-f210f58124b4', '8c8e4ba8-1208-40fc-848a-7d0385303fcd', 'e5298f74-ecbd-4527-8762-ab5ba1accd43', '0fc5978d-b7e5-449b-b686-762951f3b9d4', 'Крайна проверка: всички системи функционират нормално.', '2023-11-29 23:03:46');
INSERT INTO public.requests_logs (id, request_id, author_id, author_role_id, message, created_at) VALUES ('6c1e239a-5699-488c-a316-8722e151098a', '8fe4fcc2-eb43-42cd-83f8-abb77d6213f5', 'cf079cda-e7f3-4ef2-821e-f8c3f16e3008', 'ace6c34c-7778-4459-89f1-49848ae58e68', 'Известие до клиента: колата е готова за получаване.', '2024-11-29 19:20:08');
INSERT INTO public.requests_logs (id, request_id, author_id, author_role_id, message, created_at) VALUES ('799e67c4-9530-445e-888f-7c6351f2537e', '8fe4fcc2-eb43-42cd-83f8-abb77d6213f5', '423f2d32-4bc8-4fd0-ac6f-03fef86eabc6', '0fc5978d-b7e5-449b-b686-762951f3b9d4', 'Сменено масло и маслен филтър. Препоръчваме следваща проверка след 5,000 км.', '2024-11-26 16:41:56');
INSERT INTO public.requests_logs (id, request_id, author_id, author_role_id, message, created_at) VALUES ('4b7e9496-fbc2-4dff-a0ad-ffe243677b21', '8fe4fcc2-eb43-42cd-83f8-abb77d6213f5', '0fa0745f-d6f7-4d0f-b960-603d20a83370', 'ace6c34c-7778-4459-89f1-49848ae58e68', 'Крайна проверка: всички системи функционират нормално.', '2024-12-08 03:40:04');
INSERT INTO public.requests_logs (id, request_id, author_id, author_role_id, message, created_at) VALUES ('acb67043-cb74-4f8e-b7ae-60f5810a2bc6', 'c33ee449-f68f-485e-bca8-17b538424e14', '0fa0745f-d6f7-4d0f-b960-603d20a83370', 'ace6c34c-7778-4459-89f1-49848ae58e68', 'Крайна проверка: всички системи функционират нормално.', '2025-10-04 23:27:30');
INSERT INTO public.requests_logs (id, request_id, author_id, author_role_id, message, created_at) VALUES ('48ba6104-2deb-4b97-8dbf-e04de650484a', 'c33ee449-f68f-485e-bca8-17b538424e14', 'e5298f74-ecbd-4527-8762-ab5ba1accd43', '0fc5978d-b7e5-449b-b686-762951f3b9d4', 'Предоставена е пробна обиколка; няма вибрации или допълнителни шумове.', '2025-09-05 09:07:16');
INSERT INTO public.requests_logs (id, request_id, author_id, author_role_id, message, created_at) VALUES ('6fbdbc3b-d912-4e35-93ce-b2778e96c96b', 'c33ee449-f68f-485e-bca8-17b538424e14', '423f2d32-4bc8-4fd0-ac6f-03fef86eabc6', '0fc5978d-b7e5-449b-b686-762951f3b9d4', 'Наложи се свързване с доставчик за резервни части; очаква се доставка след 3 дни.', '2025-10-16 17:08:06');
INSERT INTO public.requests_logs (id, request_id, author_id, author_role_id, message, created_at) VALUES ('10930ec4-bcad-464f-b83b-d8a17e3e8b35', 'c33ee449-f68f-485e-bca8-17b538424e14', 'cf079cda-e7f3-4ef2-821e-f8c3f16e3008', 'ace6c34c-7778-4459-89f1-49848ae58e68', 'Направихме диагностика на двигателя — грешка P0301. Предлагаме сваляне и подробен преглед.', '2025-09-16 21:25:39');
INSERT INTO public.requests_logs (id, request_id, author_id, author_role_id, message, created_at) VALUES ('8d0e6095-6ee5-4270-ba5f-8cf0c8e039de', 'c33ee449-f68f-485e-bca8-17b538424e14', 'f2179fcc-0303-4bd3-8f7e-fedf04ee5194', 'ace6c34c-7778-4459-89f1-49848ae58e68', 'Сменено масло и маслен филтър. Препоръчваме следваща проверка след 5,000 км.', '2025-09-09 22:35:49');
INSERT INTO public.requests_logs (id, request_id, author_id, author_role_id, message, created_at) VALUES ('3a4be566-477d-4bf9-b5ac-0a7d31975ec7', 'c33ee449-f68f-485e-bca8-17b538424e14', 'cd5beddf-c9e7-4bbd-b9a7-0730892a2e4f', '0fc5978d-b7e5-449b-b686-762951f3b9d4', 'Клиентът одобри предложените ремонти и части.', '2025-09-03 08:51:15');
INSERT INTO public.requests_logs (id, request_id, author_id, author_role_id, message, created_at) VALUES ('4b0b88fd-ad59-4d58-8964-58e5449307ad', 'c33ee449-f68f-485e-bca8-17b538424e14', 'cd5beddf-c9e7-4bbd-b9a7-0730892a2e4f', '0fc5978d-b7e5-449b-b686-762951f3b9d4', 'Известие до клиента: колата е готова за получаване.', '2025-09-29 03:47:21');
INSERT INTO public.requests_logs (id, request_id, author_id, author_role_id, message, created_at) VALUES ('4d7987a0-bfa1-4ce6-bb78-9dd1e2c7570c', '3ece7925-d8f2-4722-b276-810e20a7e6d0', 'a088678a-cc04-4256-8b0b-d06a48eb354e', 'ace6c34c-7778-4459-89f1-49848ae58e68', 'Клиентът одобри предложените ремонти и части.', '2022-09-04 12:54:54');
INSERT INTO public.requests_logs (id, request_id, author_id, author_role_id, message, created_at) VALUES ('a60bad8d-00a0-48c1-b3cb-8f0abb46f843', '3ece7925-d8f2-4722-b276-810e20a7e6d0', 'd7f15839-cb6c-4ac3-97a7-538eff5e47fa', '0fc5978d-b7e5-449b-b686-762951f3b9d4', 'Извършихме визуален преглед на окачването — амортисьорите са износени.', '2022-09-02 00:29:14');
INSERT INTO public.requests_logs (id, request_id, author_id, author_role_id, message, created_at) VALUES ('021ccab5-f362-4406-bfa4-c2194f0790d8', '3ece7925-d8f2-4722-b276-810e20a7e6d0', 'a088678a-cc04-4256-8b0b-d06a48eb354e', 'ace6c34c-7778-4459-89f1-49848ae58e68', 'Клиентът одобри предложените ремонти и части.', '2022-09-02 01:27:42');
INSERT INTO public.requests_logs (id, request_id, author_id, author_role_id, message, created_at) VALUES ('f296c879-d048-4a07-b545-c4ea12d8c27c', '3ece7925-d8f2-4722-b276-810e20a7e6d0', 'a605c994-6971-4e72-bffd-a69334722c0d', 'ace6c34c-7778-4459-89f1-49848ae58e68', 'Извършихме визуален преглед на окачването — амортисьорите са износени.', '2022-09-01 17:30:04');
INSERT INTO public.requests_logs (id, request_id, author_id, author_role_id, message, created_at) VALUES ('6fd980f2-e09e-4812-a022-6ad7c6be4853', '3ece7925-d8f2-4722-b276-810e20a7e6d0', 'e5298f74-ecbd-4527-8762-ab5ba1accd43', '0fc5978d-b7e5-449b-b686-762951f3b9d4', 'Започнато е ремонтно действие; необходим е още 1 работен ден.', '2022-09-02 10:01:25');
INSERT INTO public.requests_logs (id, request_id, author_id, author_role_id, message, created_at) VALUES ('f9fd4c8a-4be0-479d-a8fd-e7e1d17e4c86', '3ece7925-d8f2-4722-b276-810e20a7e6d0', 'a605c994-6971-4e72-bffd-a69334722c0d', 'ace6c34c-7778-4459-89f1-49848ae58e68', 'Крайна проверка: всички системи функционират нормално.', '2022-09-03 15:45:52');
INSERT INTO public.requests_logs (id, request_id, author_id, author_role_id, message, created_at) VALUES ('a32b3304-9d72-4d1d-bc0d-bb3e867e4ec5', '3ece7925-d8f2-4722-b276-810e20a7e6d0', 'd7f15839-cb6c-4ac3-97a7-538eff5e47fa', '0fc5978d-b7e5-449b-b686-762951f3b9d4', 'Предоставена е пробна обиколка; няма вибрации или допълнителни шумове.', '2022-09-02 16:42:51');
INSERT INTO public.requests_logs (id, request_id, author_id, author_role_id, message, created_at) VALUES ('07e78c33-8f9d-4b27-99cd-254192b6f026', '3ece7925-d8f2-4722-b276-810e20a7e6d0', '423f2d32-4bc8-4fd0-ac6f-03fef86eabc6', '0fc5978d-b7e5-449b-b686-762951f3b9d4', 'Проверихме спирачната система; нужда от смяна на накладки и дискове.', '2022-09-03 05:08:58');
INSERT INTO public.requests_logs (id, request_id, author_id, author_role_id, message, created_at) VALUES ('16e2d55c-87eb-4ad4-984a-50fcaccd3b22', '3ece7925-d8f2-4722-b276-810e20a7e6d0', 'd7f15839-cb6c-4ac3-97a7-538eff5e47fa', '0fc5978d-b7e5-449b-b686-762951f3b9d4', 'Започнато е ремонтно действие; необходим е още 1 работен ден.', '2022-09-01 15:43:43');
INSERT INTO public.requests_logs (id, request_id, author_id, author_role_id, message, created_at) VALUES ('a38ef251-dcca-4130-ad33-3294463a9b32', '3ece7925-d8f2-4722-b276-810e20a7e6d0', '0fa0745f-d6f7-4d0f-b960-603d20a83370', 'ace6c34c-7778-4459-89f1-49848ae58e68', 'Започнато е ремонтно действие; необходим е още 1 работен ден.', '2022-09-02 08:26:58');
INSERT INTO public.requests_logs (id, request_id, author_id, author_role_id, message, created_at) VALUES ('f907b0db-5ec5-44b5-92aa-521c8dd6e20e', 'be30bef1-bc8f-4671-8b3b-6c463589e96c', '423f2d32-4bc8-4fd0-ac6f-03fef86eabc6', '0fc5978d-b7e5-449b-b686-762951f3b9d4', 'Сменено масло и маслен филтър. Препоръчваме следваща проверка след 5,000 км.', '2023-07-13 04:08:20');
INSERT INTO public.requests_logs (id, request_id, author_id, author_role_id, message, created_at) VALUES ('937307ac-9e2a-4629-bedc-1ef1ad64b1fd', 'be30bef1-bc8f-4671-8b3b-6c463589e96c', '423f2d32-4bc8-4fd0-ac6f-03fef86eabc6', '0fc5978d-b7e5-449b-b686-762951f3b9d4', 'Известие до клиента: колата е готова за получаване.', '2023-07-16 19:48:03');
INSERT INTO public.requests_logs (id, request_id, author_id, author_role_id, message, created_at) VALUES ('616ec796-6443-4663-9862-76b294ac6f94', 'be30bef1-bc8f-4671-8b3b-6c463589e96c', 'e5298f74-ecbd-4527-8762-ab5ba1accd43', '0fc5978d-b7e5-449b-b686-762951f3b9d4', 'Клиентът одобри предложените ремонти и части.', '2023-07-29 21:06:03');
INSERT INTO public.requests_logs (id, request_id, author_id, author_role_id, message, created_at) VALUES ('f128b4c5-c1ab-42ee-9de5-500b6bd79152', 'be30bef1-bc8f-4671-8b3b-6c463589e96c', '0fa0745f-d6f7-4d0f-b960-603d20a83370', 'ace6c34c-7778-4459-89f1-49848ae58e68', 'Наложи се свързване с доставчик за резервни части; очаква се доставка след 3 дни.', '2023-07-14 20:36:54');
INSERT INTO public.requests_logs (id, request_id, author_id, author_role_id, message, created_at) VALUES ('0d027b43-381d-4694-8962-73f413c0885b', 'be30bef1-bc8f-4671-8b3b-6c463589e96c', '45980866-4dca-43a8-b357-91a5da3dd554', '0fc5978d-b7e5-449b-b686-762951f3b9d4', 'Извършихме визуален преглед на окачването — амортисьорите са износени.', '2023-07-13 11:16:04');
INSERT INTO public.requests_logs (id, request_id, author_id, author_role_id, message, created_at) VALUES ('d1db47f2-18f0-46dd-9a52-18bd97adea8f', 'be30bef1-bc8f-4671-8b3b-6c463589e96c', '45980866-4dca-43a8-b357-91a5da3dd554', '0fc5978d-b7e5-449b-b686-762951f3b9d4', 'Крайна проверка: всички системи функционират нормално.', '2023-07-26 06:24:27');
INSERT INTO public.requests_logs (id, request_id, author_id, author_role_id, message, created_at) VALUES ('9825e803-9121-4d43-8ed5-59a3098a7cc2', 'be30bef1-bc8f-4671-8b3b-6c463589e96c', 'e5298f74-ecbd-4527-8762-ab5ba1accd43', '0fc5978d-b7e5-449b-b686-762951f3b9d4', 'Започнато е ремонтно действие; необходим е още 1 работен ден.', '2023-07-11 11:17:32');
INSERT INTO public.requests_logs (id, request_id, author_id, author_role_id, message, created_at) VALUES ('32ccb739-1cbf-40cb-bfa9-9cec613faf75', '92265acb-6281-449b-bdd0-e7dc796ad08e', 'a605c994-6971-4e72-bffd-a69334722c0d', 'ace6c34c-7778-4459-89f1-49848ae58e68', 'Клиентът одобри предложените ремонти и части.', '2025-12-17 20:24:20');
INSERT INTO public.requests_logs (id, request_id, author_id, author_role_id, message, created_at) VALUES ('d698d333-ee86-41d6-bf80-9f95281048d3', '92265acb-6281-449b-bdd0-e7dc796ad08e', '0fa0745f-d6f7-4d0f-b960-603d20a83370', 'ace6c34c-7778-4459-89f1-49848ae58e68', 'Извършихме визуален преглед на окачването — амортисьорите са износени.', '2025-12-17 21:47:37');
INSERT INTO public.requests_logs (id, request_id, author_id, author_role_id, message, created_at) VALUES ('253d21b9-0116-4792-8d65-2f01b92cba4c', '92265acb-6281-449b-bdd0-e7dc796ad08e', 'f2179fcc-0303-4bd3-8f7e-fedf04ee5194', 'ace6c34c-7778-4459-89f1-49848ae58e68', 'Сменено масло и маслен филтър. Препоръчваме следваща проверка след 5,000 км.', '2025-12-17 22:07:28');
INSERT INTO public.requests_logs (id, request_id, author_id, author_role_id, message, created_at) VALUES ('86a3e42a-83cd-4e50-a100-4db3a8e29574', '92265acb-6281-449b-bdd0-e7dc796ad08e', '45980866-4dca-43a8-b357-91a5da3dd554', '0fc5978d-b7e5-449b-b686-762951f3b9d4', 'Извършихме визуален преглед на окачването — амортисьорите са износени.', '2025-12-17 07:47:20');
INSERT INTO public.requests_logs (id, request_id, author_id, author_role_id, message, created_at) VALUES ('2d0de8e3-f50d-4d2f-974f-f5773b6be49b', '92265acb-6281-449b-bdd0-e7dc796ad08e', '423f2d32-4bc8-4fd0-ac6f-03fef86eabc6', '0fc5978d-b7e5-449b-b686-762951f3b9d4', 'Проверихме спирачната система; нужда от смяна на накладки и дискове.', '2025-12-17 20:51:52');
INSERT INTO public.requests_logs (id, request_id, author_id, author_role_id, message, created_at) VALUES ('79bf88fe-16aa-4aa5-aab8-efb5bd6402c3', '53cfa363-a221-47a2-886e-86213e725985', '45980866-4dca-43a8-b357-91a5da3dd554', '0fc5978d-b7e5-449b-b686-762951f3b9d4', 'Започнато е ремонтно действие; необходим е още 1 работен ден.', '2025-09-02 12:08:23');
INSERT INTO public.requests_logs (id, request_id, author_id, author_role_id, message, created_at) VALUES ('77268255-0744-4853-81e0-f1eaabd2a4b8', '53cfa363-a221-47a2-886e-86213e725985', '45980866-4dca-43a8-b357-91a5da3dd554', '0fc5978d-b7e5-449b-b686-762951f3b9d4', 'Направихме диагностика на двигателя — грешка P0301. Предлагаме сваляне и подробен преглед.', '2025-07-17 00:33:34');
INSERT INTO public.requests_logs (id, request_id, author_id, author_role_id, message, created_at) VALUES ('2533f23c-01fa-41a4-a24b-e46ad76096c9', '53cfa363-a221-47a2-886e-86213e725985', 'f2179fcc-0303-4bd3-8f7e-fedf04ee5194', 'ace6c34c-7778-4459-89f1-49848ae58e68', 'Известие до клиента: колата е готова за получаване.', '2025-07-09 15:59:23');
INSERT INTO public.requests_logs (id, request_id, author_id, author_role_id, message, created_at) VALUES ('c67590f4-a255-4ecc-b0d6-8f22a3d302a2', '53cfa363-a221-47a2-886e-86213e725985', 'cf079cda-e7f3-4ef2-821e-f8c3f16e3008', 'ace6c34c-7778-4459-89f1-49848ae58e68', 'Сменено масло и маслен филтър. Препоръчваме следваща проверка след 5,000 км.', '2025-08-01 00:32:13');
INSERT INTO public.requests_logs (id, request_id, author_id, author_role_id, message, created_at) VALUES ('c10bb13d-fd80-4f91-87fe-869d0561f06c', '53cfa363-a221-47a2-886e-86213e725985', '423f2d32-4bc8-4fd0-ac6f-03fef86eabc6', '0fc5978d-b7e5-449b-b686-762951f3b9d4', 'Извършихме визуален преглед на окачването — амортисьорите са износени.', '2025-07-21 20:47:15');
INSERT INTO public.requests_logs (id, request_id, author_id, author_role_id, message, created_at) VALUES ('bd87337e-7a5d-4a27-b494-03343a38ec0f', '53cfa363-a221-47a2-886e-86213e725985', 'cd5beddf-c9e7-4bbd-b9a7-0730892a2e4f', '0fc5978d-b7e5-449b-b686-762951f3b9d4', 'Наложи се свързване с доставчик за резервни части; очаква се доставка след 3 дни.', '2025-08-15 03:03:58');
INSERT INTO public.requests_logs (id, request_id, author_id, author_role_id, message, created_at) VALUES ('e586bb40-c60a-47e8-9918-a538f4254205', '53cfa363-a221-47a2-886e-86213e725985', 'cf079cda-e7f3-4ef2-821e-f8c3f16e3008', 'ace6c34c-7778-4459-89f1-49848ae58e68', 'Крайна проверка: всички системи функционират нормално.', '2025-08-19 12:45:44');
INSERT INTO public.requests_logs (id, request_id, author_id, author_role_id, message, created_at) VALUES ('5001612d-6b37-49c5-afe3-8875658a11b9', '53cfa363-a221-47a2-886e-86213e725985', 'cf079cda-e7f3-4ef2-821e-f8c3f16e3008', 'ace6c34c-7778-4459-89f1-49848ae58e68', 'Предоставена е пробна обиколка; няма вибрации или допълнителни шумове.', '2025-07-06 18:58:33');
INSERT INTO public.requests_logs (id, request_id, author_id, author_role_id, message, created_at) VALUES ('fd6ad9f6-662e-473f-8071-8305e90c727d', '53cfa363-a221-47a2-886e-86213e725985', 'a605c994-6971-4e72-bffd-a69334722c0d', 'ace6c34c-7778-4459-89f1-49848ae58e68', 'Наложи се свързване с доставчик за резервни части; очаква се доставка след 3 дни.', '2025-07-29 04:42:20');
INSERT INTO public.requests_logs (id, request_id, author_id, author_role_id, message, created_at) VALUES ('65a7c407-796d-4760-8e6e-97ec112568db', 'a738e75d-7b3a-406b-98f5-718aa5b4d9ce', 'cd5beddf-c9e7-4bbd-b9a7-0730892a2e4f', '0fc5978d-b7e5-449b-b686-762951f3b9d4', 'Извършихме визуален преглед на окачването — амортисьорите са износени.', '2025-08-21 10:11:04');
INSERT INTO public.requests_logs (id, request_id, author_id, author_role_id, message, created_at) VALUES ('e1865a8e-a2fa-4aab-9924-2665f9d62703', 'a738e75d-7b3a-406b-98f5-718aa5b4d9ce', 'd7f15839-cb6c-4ac3-97a7-538eff5e47fa', '0fc5978d-b7e5-449b-b686-762951f3b9d4', 'Сменено масло и маслен филтър. Препоръчваме следваща проверка след 5,000 км.', '2025-08-29 22:36:05');
INSERT INTO public.requests_logs (id, request_id, author_id, author_role_id, message, created_at) VALUES ('c33ee685-cd6d-44bd-921e-2e2c77c5d78c', 'a738e75d-7b3a-406b-98f5-718aa5b4d9ce', 'a605c994-6971-4e72-bffd-a69334722c0d', 'ace6c34c-7778-4459-89f1-49848ae58e68', 'Извършихме визуален преглед на окачването — амортисьорите са износени.', '2025-08-18 09:23:10');
INSERT INTO public.requests_logs (id, request_id, author_id, author_role_id, message, created_at) VALUES ('8ba3c534-1961-4efe-ae2b-58dbc4282fe5', 'a738e75d-7b3a-406b-98f5-718aa5b4d9ce', '45980866-4dca-43a8-b357-91a5da3dd554', '0fc5978d-b7e5-449b-b686-762951f3b9d4', 'Започнато е ремонтно действие; необходим е още 1 работен ден.', '2025-09-17 06:53:01');
INSERT INTO public.requests_logs (id, request_id, author_id, author_role_id, message, created_at) VALUES ('d5318437-05f9-4fe4-8cdd-dd3f5a52276d', 'a738e75d-7b3a-406b-98f5-718aa5b4d9ce', 'a088678a-cc04-4256-8b0b-d06a48eb354e', 'ace6c34c-7778-4459-89f1-49848ae58e68', 'Проверихме спирачната система; нужда от смяна на накладки и дискове.', '2025-07-21 06:55:01');
INSERT INTO public.requests_logs (id, request_id, author_id, author_role_id, message, created_at) VALUES ('c6c33528-7996-4539-83c7-a32d7b1bd79c', 'a738e75d-7b3a-406b-98f5-718aa5b4d9ce', 'cf079cda-e7f3-4ef2-821e-f8c3f16e3008', 'ace6c34c-7778-4459-89f1-49848ae58e68', 'Сменено масло и маслен филтър. Препоръчваме следваща проверка след 5,000 км.', '2025-07-30 07:33:46');
INSERT INTO public.requests_logs (id, request_id, author_id, author_role_id, message, created_at) VALUES ('a04e0f6c-50c3-43c6-aee8-7c755c7caab0', 'c82fb142-38a6-455b-9cde-b3c714d0b01f', 'cd5beddf-c9e7-4bbd-b9a7-0730892a2e4f', '0fc5978d-b7e5-449b-b686-762951f3b9d4', 'Направихме диагностика на двигателя — грешка P0301. Предлагаме сваляне и подробен преглед.', '2023-05-22 02:12:42');
INSERT INTO public.requests_logs (id, request_id, author_id, author_role_id, message, created_at) VALUES ('785fe1d9-1eee-4638-bd93-ae1a09421e24', 'c82fb142-38a6-455b-9cde-b3c714d0b01f', 'f2179fcc-0303-4bd3-8f7e-fedf04ee5194', 'ace6c34c-7778-4459-89f1-49848ae58e68', 'Предоставена е пробна обиколка; няма вибрации или допълнителни шумове.', '2023-05-22 18:51:26');
INSERT INTO public.requests_logs (id, request_id, author_id, author_role_id, message, created_at) VALUES ('00bda308-6566-4ee8-9633-e3e6dee2655a', 'c82fb142-38a6-455b-9cde-b3c714d0b01f', '45980866-4dca-43a8-b357-91a5da3dd554', '0fc5978d-b7e5-449b-b686-762951f3b9d4', 'Крайна проверка: всички системи функционират нормално.', '2023-05-28 13:57:57');
INSERT INTO public.requests_logs (id, request_id, author_id, author_role_id, message, created_at) VALUES ('b5ed9eef-96e9-4891-afed-bc6027275eb8', 'c82fb142-38a6-455b-9cde-b3c714d0b01f', 'a088678a-cc04-4256-8b0b-d06a48eb354e', 'ace6c34c-7778-4459-89f1-49848ae58e68', 'Крайна проверка: всички системи функционират нормално.', '2023-06-02 18:49:27');
INSERT INTO public.requests_logs (id, request_id, author_id, author_role_id, message, created_at) VALUES ('a6a08df9-0de7-4041-97b8-8d277740445a', 'c82fb142-38a6-455b-9cde-b3c714d0b01f', '423f2d32-4bc8-4fd0-ac6f-03fef86eabc6', '0fc5978d-b7e5-449b-b686-762951f3b9d4', 'Проверихме спирачната система; нужда от смяна на накладки и дискове.', '2023-05-08 18:00:22');
INSERT INTO public.requests_logs (id, request_id, author_id, author_role_id, message, created_at) VALUES ('35ae10c2-328f-43a2-9a0b-6bbcc016e5fd', 'c82fb142-38a6-455b-9cde-b3c714d0b01f', 'd7f15839-cb6c-4ac3-97a7-538eff5e47fa', '0fc5978d-b7e5-449b-b686-762951f3b9d4', 'Клиентът одобри предложените ремонти и части.', '2023-05-11 09:21:56');
INSERT INTO public.requests_logs (id, request_id, author_id, author_role_id, message, created_at) VALUES ('591e95d9-c607-4fcd-8375-ced8b63ee6ed', 'c82fb142-38a6-455b-9cde-b3c714d0b01f', 'd7f15839-cb6c-4ac3-97a7-538eff5e47fa', '0fc5978d-b7e5-449b-b686-762951f3b9d4', 'Клиентът одобри предложените ремонти и части.', '2023-05-16 23:16:29');
INSERT INTO public.requests_logs (id, request_id, author_id, author_role_id, message, created_at) VALUES ('db9c981e-1c24-4e9e-9fa3-7088443a4332', 'c82fb142-38a6-455b-9cde-b3c714d0b01f', 'f2179fcc-0303-4bd3-8f7e-fedf04ee5194', 'ace6c34c-7778-4459-89f1-49848ae58e68', 'Известие до клиента: колата е готова за получаване.', '2023-05-14 07:26:09');
INSERT INTO public.requests_logs (id, request_id, author_id, author_role_id, message, created_at) VALUES ('073a9c9e-d108-42a8-95e3-5896d2ad56c3', 'c82fb142-38a6-455b-9cde-b3c714d0b01f', '0fa0745f-d6f7-4d0f-b960-603d20a83370', 'ace6c34c-7778-4459-89f1-49848ae58e68', 'Направихме диагностика на двигателя — грешка P0301. Предлагаме сваляне и подробен преглед.', '2023-05-15 04:13:46');
INSERT INTO public.requests_logs (id, request_id, author_id, author_role_id, message, created_at) VALUES ('bfed7f4a-de98-429e-9de3-2704c4bfdf9d', '2e426ee9-31a2-4a0f-9402-0a782047d1d5', 'a605c994-6971-4e72-bffd-a69334722c0d', 'ace6c34c-7778-4459-89f1-49848ae58e68', 'Крайна проверка: всички системи функционират нормално.', '2025-05-26 10:37:20');
INSERT INTO public.requests_logs (id, request_id, author_id, author_role_id, message, created_at) VALUES ('a51302a1-905c-4797-8cf0-37e8367f7e97', '2e426ee9-31a2-4a0f-9402-0a782047d1d5', 'a605c994-6971-4e72-bffd-a69334722c0d', 'ace6c34c-7778-4459-89f1-49848ae58e68', 'Сменено масло и маслен филтър. Препоръчваме следваща проверка след 5,000 км.', '2025-05-01 20:22:44');
INSERT INTO public.requests_logs (id, request_id, author_id, author_role_id, message, created_at) VALUES ('003505f7-a8fd-48f0-8e20-0906c4e31fc7', '2e426ee9-31a2-4a0f-9402-0a782047d1d5', 'cf079cda-e7f3-4ef2-821e-f8c3f16e3008', 'ace6c34c-7778-4459-89f1-49848ae58e68', 'Сменено масло и маслен филтър. Препоръчваме следваща проверка след 5,000 км.', '2025-04-06 07:16:03');
INSERT INTO public.requests_logs (id, request_id, author_id, author_role_id, message, created_at) VALUES ('37bedb19-5981-4fe7-8f0e-34c23bc108b2', '2e426ee9-31a2-4a0f-9402-0a782047d1d5', '0fa0745f-d6f7-4d0f-b960-603d20a83370', 'ace6c34c-7778-4459-89f1-49848ae58e68', 'Проверихме спирачната система; нужда от смяна на накладки и дискове.', '2025-05-22 17:46:46');
INSERT INTO public.requests_logs (id, request_id, author_id, author_role_id, message, created_at) VALUES ('e48b1bc1-253f-4ce7-8a8a-71e0621c7685', '2e426ee9-31a2-4a0f-9402-0a782047d1d5', 'e5298f74-ecbd-4527-8762-ab5ba1accd43', '0fc5978d-b7e5-449b-b686-762951f3b9d4', 'Извършихме визуален преглед на окачването — амортисьорите са износени.', '2025-04-14 18:07:20');
INSERT INTO public.requests_logs (id, request_id, author_id, author_role_id, message, created_at) VALUES ('93edea1c-4a68-45ff-9d24-141478e1f006', '87cc294c-dc7b-42e1-8112-67b05569832f', 'f2179fcc-0303-4bd3-8f7e-fedf04ee5194', 'ace6c34c-7778-4459-89f1-49848ae58e68', 'Сменено масло и маслен филтър. Препоръчваме следваща проверка след 5,000 км.', '2023-11-07 23:02:41');
INSERT INTO public.requests_logs (id, request_id, author_id, author_role_id, message, created_at) VALUES ('23b3a8ea-19f8-4e0d-8655-46bb552f6da7', '87cc294c-dc7b-42e1-8112-67b05569832f', '45980866-4dca-43a8-b357-91a5da3dd554', '0fc5978d-b7e5-449b-b686-762951f3b9d4', 'Известие до клиента: колата е готова за получаване.', '2023-11-30 11:45:09');
INSERT INTO public.requests_logs (id, request_id, author_id, author_role_id, message, created_at) VALUES ('77bac333-7fec-4e7c-b1f2-bea2dca87dd8', '87cc294c-dc7b-42e1-8112-67b05569832f', 'cd5beddf-c9e7-4bbd-b9a7-0730892a2e4f', '0fc5978d-b7e5-449b-b686-762951f3b9d4', 'Клиентът одобри предложените ремонти и части.', '2023-10-16 02:05:18');
INSERT INTO public.requests_logs (id, request_id, author_id, author_role_id, message, created_at) VALUES ('bd5c7953-0be9-4856-a799-c1bb2960bb72', '87cc294c-dc7b-42e1-8112-67b05569832f', '423f2d32-4bc8-4fd0-ac6f-03fef86eabc6', '0fc5978d-b7e5-449b-b686-762951f3b9d4', 'Сменено масло и маслен филтър. Препоръчваме следваща проверка след 5,000 км.', '2023-12-08 05:22:54');
INSERT INTO public.requests_logs (id, request_id, author_id, author_role_id, message, created_at) VALUES ('82fd3334-066d-4307-9640-f196808cff0e', '87cc294c-dc7b-42e1-8112-67b05569832f', 'f2179fcc-0303-4bd3-8f7e-fedf04ee5194', 'ace6c34c-7778-4459-89f1-49848ae58e68', 'Наложи се свързване с доставчик за резервни части; очаква се доставка след 3 дни.', '2023-11-24 08:57:33');
INSERT INTO public.requests_logs (id, request_id, author_id, author_role_id, message, created_at) VALUES ('58fcffc3-e390-41ff-8583-83703a4fd220', '87cc294c-dc7b-42e1-8112-67b05569832f', 'a605c994-6971-4e72-bffd-a69334722c0d', 'ace6c34c-7778-4459-89f1-49848ae58e68', 'Сменено масло и маслен филтър. Препоръчваме следваща проверка след 5,000 км.', '2024-01-08 08:45:09');
INSERT INTO public.requests_logs (id, request_id, author_id, author_role_id, message, created_at) VALUES ('83c8e1f8-dda0-4132-a0d1-3e707ad8bdc2', '87cc294c-dc7b-42e1-8112-67b05569832f', '423f2d32-4bc8-4fd0-ac6f-03fef86eabc6', '0fc5978d-b7e5-449b-b686-762951f3b9d4', 'Клиентът одобри предложените ремонти и части.', '2023-11-20 04:12:26');
INSERT INTO public.requests_logs (id, request_id, author_id, author_role_id, message, created_at) VALUES ('c424ad19-bc59-402d-a466-af41fa03c888', '87cc294c-dc7b-42e1-8112-67b05569832f', 'a088678a-cc04-4256-8b0b-d06a48eb354e', 'ace6c34c-7778-4459-89f1-49848ae58e68', 'Направихме диагностика на двигателя — грешка P0301. Предлагаме сваляне и подробен преглед.', '2023-11-28 23:45:17');
INSERT INTO public.requests_logs (id, request_id, author_id, author_role_id, message, created_at) VALUES ('79d83cc8-61b1-461e-ab91-fec98d1d5197', '87cc294c-dc7b-42e1-8112-67b05569832f', 'e5298f74-ecbd-4527-8762-ab5ba1accd43', '0fc5978d-b7e5-449b-b686-762951f3b9d4', 'Извършихме визуален преглед на окачването — амортисьорите са износени.', '2023-11-05 16:01:08');
INSERT INTO public.requests_logs (id, request_id, author_id, author_role_id, message, created_at) VALUES ('42aeac33-836d-4137-8973-4584681b51ed', '5cbe8ef2-720a-48d9-9bed-c0b90c6875c6', '0fa0745f-d6f7-4d0f-b960-603d20a83370', 'ace6c34c-7778-4459-89f1-49848ae58e68', 'Направихме диагностика на двигателя — грешка P0301. Предлагаме сваляне и подробен преглед.', '2025-03-21 09:22:56');
INSERT INTO public.requests_logs (id, request_id, author_id, author_role_id, message, created_at) VALUES ('6b8b9014-22f9-43c6-8bb7-2e9a3b012b0a', '5cbe8ef2-720a-48d9-9bed-c0b90c6875c6', 'cf079cda-e7f3-4ef2-821e-f8c3f16e3008', 'ace6c34c-7778-4459-89f1-49848ae58e68', 'Извършихме визуален преглед на окачването — амортисьорите са износени.', '2025-03-21 23:54:40');
INSERT INTO public.requests_logs (id, request_id, author_id, author_role_id, message, created_at) VALUES ('50515f0c-f4a9-4b0f-b407-25f82a18548b', '5cbe8ef2-720a-48d9-9bed-c0b90c6875c6', 'd7f15839-cb6c-4ac3-97a7-538eff5e47fa', '0fc5978d-b7e5-449b-b686-762951f3b9d4', 'Извършихме визуален преглед на окачването — амортисьорите са износени.', '2025-03-21 09:41:37');
INSERT INTO public.requests_logs (id, request_id, author_id, author_role_id, message, created_at) VALUES ('6c3414de-f797-479b-a628-56d16c290d41', '5cbe8ef2-720a-48d9-9bed-c0b90c6875c6', 'e5298f74-ecbd-4527-8762-ab5ba1accd43', '0fc5978d-b7e5-449b-b686-762951f3b9d4', 'Известие до клиента: колата е готова за получаване.', '2025-03-22 01:39:42');
INSERT INTO public.requests_logs (id, request_id, author_id, author_role_id, message, created_at) VALUES ('c8a98834-6a75-4add-9ca1-0bcc3401ed0b', '5cbe8ef2-720a-48d9-9bed-c0b90c6875c6', 'cd5beddf-c9e7-4bbd-b9a7-0730892a2e4f', '0fc5978d-b7e5-449b-b686-762951f3b9d4', 'Направихме диагностика на двигателя — грешка P0301. Предлагаме сваляне и подробен преглед.', '2025-03-21 21:46:22');
INSERT INTO public.requests_logs (id, request_id, author_id, author_role_id, message, created_at) VALUES ('47ed4f32-26b7-4210-ae54-e129a766f25b', '5cbe8ef2-720a-48d9-9bed-c0b90c6875c6', 'e5298f74-ecbd-4527-8762-ab5ba1accd43', '0fc5978d-b7e5-449b-b686-762951f3b9d4', 'Направихме диагностика на двигателя — грешка P0301. Предлагаме сваляне и подробен преглед.', '2025-03-21 20:51:15');
INSERT INTO public.requests_logs (id, request_id, author_id, author_role_id, message, created_at) VALUES ('5204ad7c-a70f-45b1-a260-fb86d262f2fa', '5cbe8ef2-720a-48d9-9bed-c0b90c6875c6', 'a088678a-cc04-4256-8b0b-d06a48eb354e', 'ace6c34c-7778-4459-89f1-49848ae58e68', 'Извършихме визуален преглед на окачването — амортисьорите са износени.', '2025-03-21 16:32:21');
INSERT INTO public.requests_logs (id, request_id, author_id, author_role_id, message, created_at) VALUES ('a00085e4-ea9d-40e7-960f-95273f5878d0', '5cbe8ef2-720a-48d9-9bed-c0b90c6875c6', 'cd5beddf-c9e7-4bbd-b9a7-0730892a2e4f', '0fc5978d-b7e5-449b-b686-762951f3b9d4', 'Сменено масло и маслен филтър. Препоръчваме следваща проверка след 5,000 км.', '2025-03-21 23:59:05');
INSERT INTO public.requests_logs (id, request_id, author_id, author_role_id, message, created_at) VALUES ('6a1c4842-b0a8-4ee7-b490-ec54767702ec', 'b251c34e-ca72-4be3-9b2d-d6bbe1c1b5e3', 'e5298f74-ecbd-4527-8762-ab5ba1accd43', '0fc5978d-b7e5-449b-b686-762951f3b9d4', 'Известие до клиента: колата е готова за получаване.', '2022-06-16 12:14:45');
INSERT INTO public.requests_logs (id, request_id, author_id, author_role_id, message, created_at) VALUES ('c94f141b-bd1c-437f-a1b9-debf7846d71a', 'b251c34e-ca72-4be3-9b2d-d6bbe1c1b5e3', '0fa0745f-d6f7-4d0f-b960-603d20a83370', 'ace6c34c-7778-4459-89f1-49848ae58e68', 'Наложи се свързване с доставчик за резервни части; очаква се доставка след 3 дни.', '2022-06-29 09:29:29');
INSERT INTO public.requests_logs (id, request_id, author_id, author_role_id, message, created_at) VALUES ('7987e26f-97a8-464f-99dc-36840738c052', 'b251c34e-ca72-4be3-9b2d-d6bbe1c1b5e3', 'a088678a-cc04-4256-8b0b-d06a48eb354e', 'ace6c34c-7778-4459-89f1-49848ae58e68', 'Направихме диагностика на двигателя — грешка P0301. Предлагаме сваляне и подробен преглед.', '2022-05-31 12:48:13');
INSERT INTO public.requests_logs (id, request_id, author_id, author_role_id, message, created_at) VALUES ('a6dda471-3b47-4dae-be1d-c8dc9a4f9be5', 'b251c34e-ca72-4be3-9b2d-d6bbe1c1b5e3', 'cd5beddf-c9e7-4bbd-b9a7-0730892a2e4f', '0fc5978d-b7e5-449b-b686-762951f3b9d4', 'Извършихме визуален преглед на окачването — амортисьорите са износени.', '2022-07-02 09:00:46');
INSERT INTO public.requests_logs (id, request_id, author_id, author_role_id, message, created_at) VALUES ('fa938c50-2bb1-4009-87d9-55e9b58d4f85', 'b251c34e-ca72-4be3-9b2d-d6bbe1c1b5e3', '423f2d32-4bc8-4fd0-ac6f-03fef86eabc6', '0fc5978d-b7e5-449b-b686-762951f3b9d4', 'Извършихме визуален преглед на окачването — амортисьорите са износени.', '2022-07-10 04:04:31');
INSERT INTO public.requests_logs (id, request_id, author_id, author_role_id, message, created_at) VALUES ('16d6a186-414c-45d3-95cc-ef76a73b8b24', 'b251c34e-ca72-4be3-9b2d-d6bbe1c1b5e3', 'd7f15839-cb6c-4ac3-97a7-538eff5e47fa', '0fc5978d-b7e5-449b-b686-762951f3b9d4', 'Наложи се свързване с доставчик за резервни части; очаква се доставка след 3 дни.', '2022-06-15 15:34:55');
INSERT INTO public.requests_logs (id, request_id, author_id, author_role_id, message, created_at) VALUES ('b993640a-b46b-46ea-91f1-3fae15cced68', 'b251c34e-ca72-4be3-9b2d-d6bbe1c1b5e3', 'a088678a-cc04-4256-8b0b-d06a48eb354e', 'ace6c34c-7778-4459-89f1-49848ae58e68', 'Извършихме визуален преглед на окачването — амортисьорите са износени.', '2022-05-28 18:51:37');
INSERT INTO public.requests_logs (id, request_id, author_id, author_role_id, message, created_at) VALUES ('26baf914-af76-4ce7-a7d4-b0dac81e70d4', 'b251c34e-ca72-4be3-9b2d-d6bbe1c1b5e3', '0fa0745f-d6f7-4d0f-b960-603d20a83370', 'ace6c34c-7778-4459-89f1-49848ae58e68', 'Наложи се свързване с доставчик за резервни части; очаква се доставка след 3 дни.', '2022-06-21 04:59:38');
INSERT INTO public.requests_logs (id, request_id, author_id, author_role_id, message, created_at) VALUES ('5d0e1e2b-c793-466b-b391-d3b66137a81e', 'cb1ad6b1-c929-4116-9355-500f075e0e33', 'a088678a-cc04-4256-8b0b-d06a48eb354e', 'ace6c34c-7778-4459-89f1-49848ae58e68', 'Крайна проверка: всички системи функционират нормално.', '2025-01-13 02:24:38');
INSERT INTO public.requests_logs (id, request_id, author_id, author_role_id, message, created_at) VALUES ('4efef9a4-0392-48d4-8d84-0b7acd3079b9', 'cb1ad6b1-c929-4116-9355-500f075e0e33', '0fa0745f-d6f7-4d0f-b960-603d20a83370', 'ace6c34c-7778-4459-89f1-49848ae58e68', 'Крайна проверка: всички системи функционират нормално.', '2025-01-14 07:53:40');
INSERT INTO public.requests_logs (id, request_id, author_id, author_role_id, message, created_at) VALUES ('ec550379-e1f7-4d25-bddb-d9032381bd9f', 'cb1ad6b1-c929-4116-9355-500f075e0e33', 'd7f15839-cb6c-4ac3-97a7-538eff5e47fa', '0fc5978d-b7e5-449b-b686-762951f3b9d4', 'Проверихме спирачната система; нужда от смяна на накладки и дискове.', '2025-02-01 15:18:20');
INSERT INTO public.requests_logs (id, request_id, author_id, author_role_id, message, created_at) VALUES ('2f07036d-8541-439e-be60-c4cf81e637d9', 'cb1ad6b1-c929-4116-9355-500f075e0e33', 'cd5beddf-c9e7-4bbd-b9a7-0730892a2e4f', '0fc5978d-b7e5-449b-b686-762951f3b9d4', 'Проверихме спирачната система; нужда от смяна на накладки и дискове.', '2025-01-09 22:03:05');
INSERT INTO public.requests_logs (id, request_id, author_id, author_role_id, message, created_at) VALUES ('9f85331d-cf55-4af3-9a2f-235debc7d061', '4503860a-42b2-4836-97ed-0057296596df', 'cd5beddf-c9e7-4bbd-b9a7-0730892a2e4f', '0fc5978d-b7e5-449b-b686-762951f3b9d4', 'Започнато е ремонтно действие; необходим е още 1 работен ден.', '2024-10-15 18:40:54');
INSERT INTO public.requests_logs (id, request_id, author_id, author_role_id, message, created_at) VALUES ('aa2ce215-1cff-4b89-9beb-546b3d23b7c2', '4503860a-42b2-4836-97ed-0057296596df', '45980866-4dca-43a8-b357-91a5da3dd554', '0fc5978d-b7e5-449b-b686-762951f3b9d4', 'Започнато е ремонтно действие; необходим е още 1 работен ден.', '2024-10-16 03:07:50');
INSERT INTO public.requests_logs (id, request_id, author_id, author_role_id, message, created_at) VALUES ('6ba5bc7b-b58a-46f9-aeb3-a53cc9f0895f', '4503860a-42b2-4836-97ed-0057296596df', 'f2179fcc-0303-4bd3-8f7e-fedf04ee5194', 'ace6c34c-7778-4459-89f1-49848ae58e68', 'Наложи се свързване с доставчик за резервни части; очаква се доставка след 3 дни.', '2024-10-16 00:00:14');
INSERT INTO public.requests_logs (id, request_id, author_id, author_role_id, message, created_at) VALUES ('c060ca08-482b-4fba-a54b-b7021c158348', '28f994d1-7072-4833-a954-abb39338abf0', 'cd5beddf-c9e7-4bbd-b9a7-0730892a2e4f', '0fc5978d-b7e5-449b-b686-762951f3b9d4', 'Предоставена е пробна обиколка; няма вибрации или допълнителни шумове.', '2024-03-31 07:10:42');
INSERT INTO public.requests_logs (id, request_id, author_id, author_role_id, message, created_at) VALUES ('22ffdfc6-0061-4750-88f0-ac0ae81bebfd', '28f994d1-7072-4833-a954-abb39338abf0', 'd7f15839-cb6c-4ac3-97a7-538eff5e47fa', '0fc5978d-b7e5-449b-b686-762951f3b9d4', 'Предоставена е пробна обиколка; няма вибрации или допълнителни шумове.', '2024-02-19 01:45:25');
INSERT INTO public.requests_logs (id, request_id, author_id, author_role_id, message, created_at) VALUES ('94b1529a-b590-42c9-b855-0c8e1387ae65', '28f994d1-7072-4833-a954-abb39338abf0', 'cd5beddf-c9e7-4bbd-b9a7-0730892a2e4f', '0fc5978d-b7e5-449b-b686-762951f3b9d4', 'Направихме диагностика на двигателя — грешка P0301. Предлагаме сваляне и подробен преглед.', '2024-03-28 01:15:37');
INSERT INTO public.requests_logs (id, request_id, author_id, author_role_id, message, created_at) VALUES ('53b2365f-1fdb-47b9-8037-986a94a5027c', '28f994d1-7072-4833-a954-abb39338abf0', 'cf079cda-e7f3-4ef2-821e-f8c3f16e3008', 'ace6c34c-7778-4459-89f1-49848ae58e68', 'Започнато е ремонтно действие; необходим е още 1 работен ден.', '2024-01-25 09:24:16');
INSERT INTO public.requests_logs (id, request_id, author_id, author_role_id, message, created_at) VALUES ('4e523a40-3f3f-4b75-9850-58368746b793', '28f994d1-7072-4833-a954-abb39338abf0', 'd7f15839-cb6c-4ac3-97a7-538eff5e47fa', '0fc5978d-b7e5-449b-b686-762951f3b9d4', 'Известие до клиента: колата е готова за получаване.', '2024-02-04 12:53:48');
INSERT INTO public.requests_logs (id, request_id, author_id, author_role_id, message, created_at) VALUES ('842d8f17-7b19-48b1-936e-7f458f00424a', '28f994d1-7072-4833-a954-abb39338abf0', 'a088678a-cc04-4256-8b0b-d06a48eb354e', 'ace6c34c-7778-4459-89f1-49848ae58e68', 'Предоставена е пробна обиколка; няма вибрации или допълнителни шумове.', '2024-01-31 16:58:11');
INSERT INTO public.requests_logs (id, request_id, author_id, author_role_id, message, created_at) VALUES ('b476533c-015b-4c7e-a610-a00f268d5a54', '97d40765-8106-4d69-8855-64f6eb5e708b', 'd7f15839-cb6c-4ac3-97a7-538eff5e47fa', '0fc5978d-b7e5-449b-b686-762951f3b9d4', 'Наложи се свързване с доставчик за резервни части; очаква се доставка след 3 дни.', '2024-10-07 02:44:28');
INSERT INTO public.requests_logs (id, request_id, author_id, author_role_id, message, created_at) VALUES ('c51433da-2c4f-428e-93f0-7ed380d1c57a', '97d40765-8106-4d69-8855-64f6eb5e708b', 'd7f15839-cb6c-4ac3-97a7-538eff5e47fa', '0fc5978d-b7e5-449b-b686-762951f3b9d4', 'Предоставена е пробна обиколка; няма вибрации или допълнителни шумове.', '2024-09-12 07:58:58');
INSERT INTO public.requests_logs (id, request_id, author_id, author_role_id, message, created_at) VALUES ('31d93a93-8e54-433d-b134-e2c12e88f5a2', '97d40765-8106-4d69-8855-64f6eb5e708b', 'f2179fcc-0303-4bd3-8f7e-fedf04ee5194', 'ace6c34c-7778-4459-89f1-49848ae58e68', 'Крайна проверка: всички системи функционират нормално.', '2024-09-16 09:18:08');
INSERT INTO public.requests_logs (id, request_id, author_id, author_role_id, message, created_at) VALUES ('176fc2cf-8b46-485a-a2fc-c1b2325e673f', '97d40765-8106-4d69-8855-64f6eb5e708b', '423f2d32-4bc8-4fd0-ac6f-03fef86eabc6', '0fc5978d-b7e5-449b-b686-762951f3b9d4', 'Предоставена е пробна обиколка; няма вибрации или допълнителни шумове.', '2024-09-14 15:51:02');
INSERT INTO public.requests_logs (id, request_id, author_id, author_role_id, message, created_at) VALUES ('3211dd54-1779-4526-a6b8-0522947ff3f5', '97d40765-8106-4d69-8855-64f6eb5e708b', 'f2179fcc-0303-4bd3-8f7e-fedf04ee5194', 'ace6c34c-7778-4459-89f1-49848ae58e68', 'Сменено масло и маслен филтър. Препоръчваме следваща проверка след 5,000 км.', '2024-08-02 15:37:19');
INSERT INTO public.requests_logs (id, request_id, author_id, author_role_id, message, created_at) VALUES ('a9d2e7b9-a08c-45cc-b1ae-2a15c7316dc4', '99f57f7e-132a-4f76-a5d3-f5d09088b8cc', 'a088678a-cc04-4256-8b0b-d06a48eb354e', 'ace6c34c-7778-4459-89f1-49848ae58e68', 'Извършихме визуален преглед на окачването — амортисьорите са износени.', '2023-08-30 07:53:02');
INSERT INTO public.requests_logs (id, request_id, author_id, author_role_id, message, created_at) VALUES ('35c8a635-c6d6-4941-a83b-d7e15f916260', '99f57f7e-132a-4f76-a5d3-f5d09088b8cc', 'd7f15839-cb6c-4ac3-97a7-538eff5e47fa', '0fc5978d-b7e5-449b-b686-762951f3b9d4', 'Извършихме визуален преглед на окачването — амортисьорите са износени.', '2023-08-30 05:24:54');
INSERT INTO public.requests_logs (id, request_id, author_id, author_role_id, message, created_at) VALUES ('00169c3b-ea95-438b-8ca1-b7b835dee67f', '99f57f7e-132a-4f76-a5d3-f5d09088b8cc', 'f2179fcc-0303-4bd3-8f7e-fedf04ee5194', 'ace6c34c-7778-4459-89f1-49848ae58e68', 'Крайна проверка: всички системи функционират нормално.', '2023-08-29 23:37:08');
INSERT INTO public.requests_logs (id, request_id, author_id, author_role_id, message, created_at) VALUES ('7b59bd37-b5b1-4169-a0f4-46f923178d88', '99f57f7e-132a-4f76-a5d3-f5d09088b8cc', 'cd5beddf-c9e7-4bbd-b9a7-0730892a2e4f', '0fc5978d-b7e5-449b-b686-762951f3b9d4', 'Крайна проверка: всички системи функционират нормално.', '2023-08-29 13:55:02');
INSERT INTO public.requests_logs (id, request_id, author_id, author_role_id, message, created_at) VALUES ('b0a4dcd4-805f-4dd7-a0be-91ade4544fa9', '00206936-6bc1-4fee-92f6-f4423d29eb7a', 'f2179fcc-0303-4bd3-8f7e-fedf04ee5194', 'ace6c34c-7778-4459-89f1-49848ae58e68', 'Направихме диагностика на двигателя — грешка P0301. Предлагаме сваляне и подробен преглед.', '2025-12-03 10:46:23');
INSERT INTO public.requests_logs (id, request_id, author_id, author_role_id, message, created_at) VALUES ('2bc34c5d-c019-4c38-b0ca-c2bbaaefb79a', '00206936-6bc1-4fee-92f6-f4423d29eb7a', '45980866-4dca-43a8-b357-91a5da3dd554', '0fc5978d-b7e5-449b-b686-762951f3b9d4', 'Проверихме спирачната система; нужда от смяна на накладки и дискове.', '2025-12-03 05:53:31');
INSERT INTO public.requests_logs (id, request_id, author_id, author_role_id, message, created_at) VALUES ('47979f9e-bcb0-4fcc-bce6-bb1061d983d1', '00206936-6bc1-4fee-92f6-f4423d29eb7a', '45980866-4dca-43a8-b357-91a5da3dd554', '0fc5978d-b7e5-449b-b686-762951f3b9d4', 'Известие до клиента: колата е готова за получаване.', '2025-12-03 08:14:46');
INSERT INTO public.requests_logs (id, request_id, author_id, author_role_id, message, created_at) VALUES ('939ddfe3-8be3-4415-a60b-9ec1c817b232', '00206936-6bc1-4fee-92f6-f4423d29eb7a', '423f2d32-4bc8-4fd0-ac6f-03fef86eabc6', '0fc5978d-b7e5-449b-b686-762951f3b9d4', 'Извършихме визуален преглед на окачването — амортисьорите са износени.', '2025-12-03 11:00:24');
INSERT INTO public.requests_logs (id, request_id, author_id, author_role_id, message, created_at) VALUES ('1f047e2a-1e0c-4a0f-b52d-37366c6e025c', '44c0024a-4576-4485-9750-9afb4c8ea971', 'cf079cda-e7f3-4ef2-821e-f8c3f16e3008', 'ace6c34c-7778-4459-89f1-49848ae58e68', 'Крайна проверка: всички системи функционират нормално.', '2024-12-10 15:40:26');
INSERT INTO public.requests_logs (id, request_id, author_id, author_role_id, message, created_at) VALUES ('3a9b8518-bfe5-4fea-88f8-3a290228d136', '44c0024a-4576-4485-9750-9afb4c8ea971', '0fa0745f-d6f7-4d0f-b960-603d20a83370', 'ace6c34c-7778-4459-89f1-49848ae58e68', 'Проверихме спирачната система; нужда от смяна на накладки и дискове.', '2024-12-07 16:04:21');
INSERT INTO public.requests_logs (id, request_id, author_id, author_role_id, message, created_at) VALUES ('7d3fe61e-1c2c-4e3a-a269-7ab5caf3b05d', '44c0024a-4576-4485-9750-9afb4c8ea971', '423f2d32-4bc8-4fd0-ac6f-03fef86eabc6', '0fc5978d-b7e5-449b-b686-762951f3b9d4', 'Клиентът одобри предложените ремонти и части.', '2025-01-09 10:35:51');
INSERT INTO public.requests_logs (id, request_id, author_id, author_role_id, message, created_at) VALUES ('7a12b26f-e121-4f1a-a678-ca7018d919a2', '44c0024a-4576-4485-9750-9afb4c8ea971', 'e5298f74-ecbd-4527-8762-ab5ba1accd43', '0fc5978d-b7e5-449b-b686-762951f3b9d4', 'Известие до клиента: колата е готова за получаване.', '2024-12-29 15:05:00');
INSERT INTO public.requests_logs (id, request_id, author_id, author_role_id, message, created_at) VALUES ('d5b28231-146d-4a9a-9b03-99eba0a19254', '44c0024a-4576-4485-9750-9afb4c8ea971', 'a088678a-cc04-4256-8b0b-d06a48eb354e', 'ace6c34c-7778-4459-89f1-49848ae58e68', 'Сменено масло и маслен филтър. Препоръчваме следваща проверка след 5,000 км.', '2024-12-04 07:46:10');
INSERT INTO public.requests_logs (id, request_id, author_id, author_role_id, message, created_at) VALUES ('4ae45fca-26c9-466b-b259-97d36b01bc00', '44c0024a-4576-4485-9750-9afb4c8ea971', 'a088678a-cc04-4256-8b0b-d06a48eb354e', 'ace6c34c-7778-4459-89f1-49848ae58e68', 'Известие до клиента: колата е готова за получаване.', '2024-12-31 06:28:40');
INSERT INTO public.requests_logs (id, request_id, author_id, author_role_id, message, created_at) VALUES ('b62966b3-9bee-4b37-bdb6-1cc2b0300d62', '44c0024a-4576-4485-9750-9afb4c8ea971', 'a605c994-6971-4e72-bffd-a69334722c0d', 'ace6c34c-7778-4459-89f1-49848ae58e68', 'Сменено масло и маслен филтър. Препоръчваме следваща проверка след 5,000 км.', '2024-12-27 19:52:55');
INSERT INTO public.requests_logs (id, request_id, author_id, author_role_id, message, created_at) VALUES ('c24513fd-ff57-4ea7-8802-44667f09cae0', '44c0024a-4576-4485-9750-9afb4c8ea971', '423f2d32-4bc8-4fd0-ac6f-03fef86eabc6', '0fc5978d-b7e5-449b-b686-762951f3b9d4', 'Наложи се свързване с доставчик за резервни части; очаква се доставка след 3 дни.', '2024-12-03 15:04:49');
INSERT INTO public.requests_logs (id, request_id, author_id, author_role_id, message, created_at) VALUES ('6934dead-68ab-45cd-b343-3a0934e46f23', '44c0024a-4576-4485-9750-9afb4c8ea971', 'cd5beddf-c9e7-4bbd-b9a7-0730892a2e4f', '0fc5978d-b7e5-449b-b686-762951f3b9d4', 'Направихме диагностика на двигателя — грешка P0301. Предлагаме сваляне и подробен преглед.', '2025-01-11 03:17:56');
INSERT INTO public.requests_logs (id, request_id, author_id, author_role_id, message, created_at) VALUES ('1b8629ff-9c04-4eb0-aded-4c2fbaacb9ae', '44c0024a-4576-4485-9750-9afb4c8ea971', 'a605c994-6971-4e72-bffd-a69334722c0d', 'ace6c34c-7778-4459-89f1-49848ae58e68', 'Клиентът одобри предложените ремонти и части.', '2024-12-30 12:13:41');
INSERT INTO public.requests_logs (id, request_id, author_id, author_role_id, message, created_at) VALUES ('a972be61-95b1-45e3-baea-1d90a2320432', '94874292-e9c8-4667-ad4a-d1d713a53126', 'a088678a-cc04-4256-8b0b-d06a48eb354e', 'ace6c34c-7778-4459-89f1-49848ae58e68', 'Сменено масло и маслен филтър. Препоръчваме следваща проверка след 5,000 км.', '2022-12-30 02:46:35');
INSERT INTO public.requests_logs (id, request_id, author_id, author_role_id, message, created_at) VALUES ('1d8647fb-a6d5-48f7-b774-f04a34046d03', '94874292-e9c8-4667-ad4a-d1d713a53126', '423f2d32-4bc8-4fd0-ac6f-03fef86eabc6', '0fc5978d-b7e5-449b-b686-762951f3b9d4', 'Клиентът одобри предложените ремонти и части.', '2022-12-29 22:06:03');
INSERT INTO public.requests_logs (id, request_id, author_id, author_role_id, message, created_at) VALUES ('bbe3b4ce-3bc8-41c4-aa34-f0d94f6d0d4d', '94874292-e9c8-4667-ad4a-d1d713a53126', 'e5298f74-ecbd-4527-8762-ab5ba1accd43', '0fc5978d-b7e5-449b-b686-762951f3b9d4', 'Крайна проверка: всички системи функционират нормално.', '2022-12-29 20:18:03');
INSERT INTO public.requests_logs (id, request_id, author_id, author_role_id, message, created_at) VALUES ('7d891770-85d3-4c0f-a8be-cbe53ebcbc3e', '94874292-e9c8-4667-ad4a-d1d713a53126', 'e5298f74-ecbd-4527-8762-ab5ba1accd43', '0fc5978d-b7e5-449b-b686-762951f3b9d4', 'Клиентът одобри предложените ремонти и части.', '2022-12-29 19:06:11');
INSERT INTO public.requests_logs (id, request_id, author_id, author_role_id, message, created_at) VALUES ('874a7209-e57f-45e6-ba4c-25aafd40fd47', '94874292-e9c8-4667-ad4a-d1d713a53126', '0fa0745f-d6f7-4d0f-b960-603d20a83370', 'ace6c34c-7778-4459-89f1-49848ae58e68', 'Наложи се свързване с доставчик за резервни части; очаква се доставка след 3 дни.', '2022-12-30 02:09:28');
INSERT INTO public.requests_logs (id, request_id, author_id, author_role_id, message, created_at) VALUES ('21624485-1168-4a3a-9eb9-148ed844b274', '94874292-e9c8-4667-ad4a-d1d713a53126', '423f2d32-4bc8-4fd0-ac6f-03fef86eabc6', '0fc5978d-b7e5-449b-b686-762951f3b9d4', 'Направихме диагностика на двигателя — грешка P0301. Предлагаме сваляне и подробен преглед.', '2022-12-29 18:50:23');
INSERT INTO public.requests_logs (id, request_id, author_id, author_role_id, message, created_at) VALUES ('553b23a9-c435-4de6-9525-0fc573bcb810', '94874292-e9c8-4667-ad4a-d1d713a53126', 'a605c994-6971-4e72-bffd-a69334722c0d', 'ace6c34c-7778-4459-89f1-49848ae58e68', 'Предоставена е пробна обиколка; няма вибрации или допълнителни шумове.', '2022-12-30 13:08:20');
INSERT INTO public.requests_logs (id, request_id, author_id, author_role_id, message, created_at) VALUES ('7cfea4f9-783b-483e-98b5-c32d76cb43ee', '94874292-e9c8-4667-ad4a-d1d713a53126', 'e5298f74-ecbd-4527-8762-ab5ba1accd43', '0fc5978d-b7e5-449b-b686-762951f3b9d4', 'Направихме диагностика на двигателя — грешка P0301. Предлагаме сваляне и подробен преглед.', '2022-12-30 14:49:31');
INSERT INTO public.requests_logs (id, request_id, author_id, author_role_id, message, created_at) VALUES ('4907d039-fcc4-4e01-9b29-583eab4cdb69', '94874292-e9c8-4667-ad4a-d1d713a53126', '0fa0745f-d6f7-4d0f-b960-603d20a83370', 'ace6c34c-7778-4459-89f1-49848ae58e68', 'Направихме диагностика на двигателя — грешка P0301. Предлагаме сваляне и подробен преглед.', '2022-12-30 10:59:31');
INSERT INTO public.requests_logs (id, request_id, author_id, author_role_id, message, created_at) VALUES ('7184a9b3-274a-4e15-b6da-47ca5207f5db', '94874292-e9c8-4667-ad4a-d1d713a53126', 'cd5beddf-c9e7-4bbd-b9a7-0730892a2e4f', '0fc5978d-b7e5-449b-b686-762951f3b9d4', 'Крайна проверка: всички системи функционират нормално.', '2022-12-30 00:55:07');
INSERT INTO public.requests_logs (id, request_id, author_id, author_role_id, message, created_at) VALUES ('baace8ae-933d-42ce-9b87-233563c1909e', '9012f3ac-4f2e-490b-9d55-938ae1f48089', '0fa0745f-d6f7-4d0f-b960-603d20a83370', 'ace6c34c-7778-4459-89f1-49848ae58e68', 'Крайна проверка: всички системи функционират нормално.', '2024-05-09 11:39:51');
INSERT INTO public.requests_logs (id, request_id, author_id, author_role_id, message, created_at) VALUES ('4fd5b551-c8ed-4902-b4eb-e228b67adafb', '9012f3ac-4f2e-490b-9d55-938ae1f48089', 'e5298f74-ecbd-4527-8762-ab5ba1accd43', '0fc5978d-b7e5-449b-b686-762951f3b9d4', 'Наложи се свързване с доставчик за резервни части; очаква се доставка след 3 дни.', '2024-04-30 06:01:59');
INSERT INTO public.requests_logs (id, request_id, author_id, author_role_id, message, created_at) VALUES ('6efab25d-9564-4849-bc93-7408cef794d4', '9012f3ac-4f2e-490b-9d55-938ae1f48089', '0fa0745f-d6f7-4d0f-b960-603d20a83370', 'ace6c34c-7778-4459-89f1-49848ae58e68', 'Направихме диагностика на двигателя — грешка P0301. Предлагаме сваляне и подробен преглед.', '2024-06-03 05:58:08');
INSERT INTO public.requests_logs (id, request_id, author_id, author_role_id, message, created_at) VALUES ('430e1d6e-543d-4054-9cdb-0d8080dc62c2', '9012f3ac-4f2e-490b-9d55-938ae1f48089', 'f2179fcc-0303-4bd3-8f7e-fedf04ee5194', 'ace6c34c-7778-4459-89f1-49848ae58e68', 'Клиентът одобри предложените ремонти и части.', '2024-05-10 14:26:44');
INSERT INTO public.requests_logs (id, request_id, author_id, author_role_id, message, created_at) VALUES ('16832680-804c-4f36-b246-12bff14dc43e', '9012f3ac-4f2e-490b-9d55-938ae1f48089', '45980866-4dca-43a8-b357-91a5da3dd554', '0fc5978d-b7e5-449b-b686-762951f3b9d4', 'Крайна проверка: всички системи функционират нормално.', '2024-05-30 14:20:49');
INSERT INTO public.requests_logs (id, request_id, author_id, author_role_id, message, created_at) VALUES ('c80e5643-4ca0-4e5d-8fe5-426258543a5c', '9012f3ac-4f2e-490b-9d55-938ae1f48089', '423f2d32-4bc8-4fd0-ac6f-03fef86eabc6', '0fc5978d-b7e5-449b-b686-762951f3b9d4', 'Предоставена е пробна обиколка; няма вибрации или допълнителни шумове.', '2024-05-12 11:33:14');
INSERT INTO public.requests_logs (id, request_id, author_id, author_role_id, message, created_at) VALUES ('0903e629-b440-4edf-9456-dac4153345dc', '9012f3ac-4f2e-490b-9d55-938ae1f48089', '423f2d32-4bc8-4fd0-ac6f-03fef86eabc6', '0fc5978d-b7e5-449b-b686-762951f3b9d4', 'Предоставена е пробна обиколка; няма вибрации или допълнителни шумове.', '2024-06-03 13:58:41');
INSERT INTO public.requests_logs (id, request_id, author_id, author_role_id, message, created_at) VALUES ('6a0ddba0-e071-488b-adf7-4e18c99a5c27', '9012f3ac-4f2e-490b-9d55-938ae1f48089', '45980866-4dca-43a8-b357-91a5da3dd554', '0fc5978d-b7e5-449b-b686-762951f3b9d4', 'Наложи се свързване с доставчик за резервни части; очаква се доставка след 3 дни.', '2024-06-03 21:48:14');
INSERT INTO public.requests_logs (id, request_id, author_id, author_role_id, message, created_at) VALUES ('1ac0f876-dae5-4cc4-9565-707d8388ae74', '61f8a649-57c0-4681-814d-c36519b765d3', 'cf079cda-e7f3-4ef2-821e-f8c3f16e3008', 'ace6c34c-7778-4459-89f1-49848ae58e68', 'Известие до клиента: колата е готова за получаване.', '2025-06-17 20:49:41');
INSERT INTO public.requests_logs (id, request_id, author_id, author_role_id, message, created_at) VALUES ('aa7eab6f-dd72-4ca2-a0bd-82bcc9cc1869', '61f8a649-57c0-4681-814d-c36519b765d3', 'cf079cda-e7f3-4ef2-821e-f8c3f16e3008', 'ace6c34c-7778-4459-89f1-49848ae58e68', 'Проверихме спирачната система; нужда от смяна на накладки и дискове.', '2025-06-19 21:00:16');
INSERT INTO public.requests_logs (id, request_id, author_id, author_role_id, message, created_at) VALUES ('741039ba-e407-4aca-8bc7-cf0afc726a53', '61f8a649-57c0-4681-814d-c36519b765d3', 'a088678a-cc04-4256-8b0b-d06a48eb354e', 'ace6c34c-7778-4459-89f1-49848ae58e68', 'Предоставена е пробна обиколка; няма вибрации или допълнителни шумове.', '2025-06-20 06:25:25');
INSERT INTO public.requests_logs (id, request_id, author_id, author_role_id, message, created_at) VALUES ('4083b315-930d-4006-9ef1-769a9f9759af', '61f8a649-57c0-4681-814d-c36519b765d3', 'cf079cda-e7f3-4ef2-821e-f8c3f16e3008', 'ace6c34c-7778-4459-89f1-49848ae58e68', 'Наложи се свързване с доставчик за резервни части; очаква се доставка след 3 дни.', '2025-06-22 03:11:36');
INSERT INTO public.requests_logs (id, request_id, author_id, author_role_id, message, created_at) VALUES ('351eaef9-72f8-454d-b2e3-80e980a6c823', '61f8a649-57c0-4681-814d-c36519b765d3', 'cf079cda-e7f3-4ef2-821e-f8c3f16e3008', 'ace6c34c-7778-4459-89f1-49848ae58e68', 'Предоставена е пробна обиколка; няма вибрации или допълнителни шумове.', '2025-07-05 16:49:47');
INSERT INTO public.requests_logs (id, request_id, author_id, author_role_id, message, created_at) VALUES ('8bc50bd5-f8da-497e-b58f-478c2f54f64e', '61f8a649-57c0-4681-814d-c36519b765d3', 'a088678a-cc04-4256-8b0b-d06a48eb354e', 'ace6c34c-7778-4459-89f1-49848ae58e68', 'Започнато е ремонтно действие; необходим е още 1 работен ден.', '2025-07-02 07:29:40');
INSERT INTO public.requests_logs (id, request_id, author_id, author_role_id, message, created_at) VALUES ('570f99f3-ad78-45eb-bc7c-5fe45314eca7', '61f8a649-57c0-4681-814d-c36519b765d3', 'cf079cda-e7f3-4ef2-821e-f8c3f16e3008', 'ace6c34c-7778-4459-89f1-49848ae58e68', 'Известие до клиента: колата е готова за получаване.', '2025-07-13 13:11:26');
INSERT INTO public.requests_logs (id, request_id, author_id, author_role_id, message, created_at) VALUES ('365c178c-e4f6-4cd2-b8c0-7e639e4b1f56', '61f8a649-57c0-4681-814d-c36519b765d3', '0fa0745f-d6f7-4d0f-b960-603d20a83370', 'ace6c34c-7778-4459-89f1-49848ae58e68', 'Известие до клиента: колата е готова за получаване.', '2025-06-11 03:34:43');
INSERT INTO public.requests_logs (id, request_id, author_id, author_role_id, message, created_at) VALUES ('c7a596f9-2080-469c-bb26-d57e0da9e66f', '61f8a649-57c0-4681-814d-c36519b765d3', 'cd5beddf-c9e7-4bbd-b9a7-0730892a2e4f', '0fc5978d-b7e5-449b-b686-762951f3b9d4', 'Клиентът одобри предложените ремонти и части.', '2025-07-05 10:28:47');
INSERT INTO public.requests_logs (id, request_id, author_id, author_role_id, message, created_at) VALUES ('98440eaf-e11a-402e-a285-ed163c78cb17', '61f8a649-57c0-4681-814d-c36519b765d3', 'a088678a-cc04-4256-8b0b-d06a48eb354e', 'ace6c34c-7778-4459-89f1-49848ae58e68', 'Извършихме визуален преглед на окачването — амортисьорите са износени.', '2025-06-30 10:31:55');
INSERT INTO public.requests_logs (id, request_id, author_id, author_role_id, message, created_at) VALUES ('11517e59-fef9-4827-aa66-865025adaf2c', '2f73fe6c-dfdb-4080-80c5-5506acf71d3b', 'e5298f74-ecbd-4527-8762-ab5ba1accd43', '0fc5978d-b7e5-449b-b686-762951f3b9d4', 'Наложи се свързване с доставчик за резервни части; очаква се доставка след 3 дни.', '2023-04-01 02:20:40');
INSERT INTO public.requests_logs (id, request_id, author_id, author_role_id, message, created_at) VALUES ('a6adaa5c-65c2-4ce6-828b-459e5daa3d23', '2f73fe6c-dfdb-4080-80c5-5506acf71d3b', 'd7f15839-cb6c-4ac3-97a7-538eff5e47fa', '0fc5978d-b7e5-449b-b686-762951f3b9d4', 'Сменено масло и маслен филтър. Препоръчваме следваща проверка след 5,000 км.', '2023-03-12 03:04:34');
INSERT INTO public.requests_logs (id, request_id, author_id, author_role_id, message, created_at) VALUES ('69912e6d-17fa-428f-b957-70bfac565902', '2f73fe6c-dfdb-4080-80c5-5506acf71d3b', 'f2179fcc-0303-4bd3-8f7e-fedf04ee5194', 'ace6c34c-7778-4459-89f1-49848ae58e68', 'Извършихме визуален преглед на окачването — амортисьорите са износени.', '2023-03-04 09:14:14');
INSERT INTO public.requests_logs (id, request_id, author_id, author_role_id, message, created_at) VALUES ('34326b23-7ee4-4dee-8e2d-94c2cb540aa6', '2f73fe6c-dfdb-4080-80c5-5506acf71d3b', 'e5298f74-ecbd-4527-8762-ab5ba1accd43', '0fc5978d-b7e5-449b-b686-762951f3b9d4', 'Крайна проверка: всички системи функционират нормално.', '2023-02-10 08:44:10');
INSERT INTO public.requests_logs (id, request_id, author_id, author_role_id, message, created_at) VALUES ('85adce46-9bd9-4c00-a403-446a72347b53', '2f73fe6c-dfdb-4080-80c5-5506acf71d3b', 'f2179fcc-0303-4bd3-8f7e-fedf04ee5194', 'ace6c34c-7778-4459-89f1-49848ae58e68', 'Наложи се свързване с доставчик за резервни части; очаква се доставка след 3 дни.', '2023-02-10 05:02:38');
INSERT INTO public.requests_logs (id, request_id, author_id, author_role_id, message, created_at) VALUES ('d0f2f60d-3f1d-462d-b576-734681889c37', '2f73fe6c-dfdb-4080-80c5-5506acf71d3b', '0fa0745f-d6f7-4d0f-b960-603d20a83370', 'ace6c34c-7778-4459-89f1-49848ae58e68', 'Извършихме визуален преглед на окачването — амортисьорите са износени.', '2023-03-15 06:48:57');
INSERT INTO public.requests_logs (id, request_id, author_id, author_role_id, message, created_at) VALUES ('640a7785-4bc6-4356-b867-46270fd58066', '928e5990-c055-486e-96a8-8eca017f5e7c', 'cd5beddf-c9e7-4bbd-b9a7-0730892a2e4f', '0fc5978d-b7e5-449b-b686-762951f3b9d4', 'Клиентът одобри предложените ремонти и части.', '2025-08-10 17:59:49');
INSERT INTO public.requests_logs (id, request_id, author_id, author_role_id, message, created_at) VALUES ('47109826-2522-4dc8-98b9-41b3c81c4a78', '928e5990-c055-486e-96a8-8eca017f5e7c', 'cf079cda-e7f3-4ef2-821e-f8c3f16e3008', 'ace6c34c-7778-4459-89f1-49848ae58e68', 'Започнато е ремонтно действие; необходим е още 1 работен ден.', '2025-08-11 16:11:32');
INSERT INTO public.requests_logs (id, request_id, author_id, author_role_id, message, created_at) VALUES ('25f02f62-1822-44f3-b9a2-61f2cdc086bf', '928e5990-c055-486e-96a8-8eca017f5e7c', 'cf079cda-e7f3-4ef2-821e-f8c3f16e3008', 'ace6c34c-7778-4459-89f1-49848ae58e68', 'Започнато е ремонтно действие; необходим е още 1 работен ден.', '2025-08-10 17:57:47');
INSERT INTO public.requests_logs (id, request_id, author_id, author_role_id, message, created_at) VALUES ('8589ad62-d646-45c8-b62c-84f775204b71', '928e5990-c055-486e-96a8-8eca017f5e7c', 'a605c994-6971-4e72-bffd-a69334722c0d', 'ace6c34c-7778-4459-89f1-49848ae58e68', 'Клиентът одобри предложените ремонти и части.', '2025-08-11 06:31:34');
INSERT INTO public.requests_logs (id, request_id, author_id, author_role_id, message, created_at) VALUES ('a60649ce-b263-42be-a594-db4e5d129ee7', '80050a62-313d-43f7-ad0a-981789cd9df1', 'a088678a-cc04-4256-8b0b-d06a48eb354e', 'ace6c34c-7778-4459-89f1-49848ae58e68', 'Започнато е ремонтно действие; необходим е още 1 работен ден.', '2025-06-28 09:00:09');
INSERT INTO public.requests_logs (id, request_id, author_id, author_role_id, message, created_at) VALUES ('55ca684b-8b7e-46be-8ced-3cb1f7de1c3e', '80050a62-313d-43f7-ad0a-981789cd9df1', 'cf079cda-e7f3-4ef2-821e-f8c3f16e3008', 'ace6c34c-7778-4459-89f1-49848ae58e68', 'Сменено масло и маслен филтър. Препоръчваме следваща проверка след 5,000 км.', '2025-08-13 21:10:31');
INSERT INTO public.requests_logs (id, request_id, author_id, author_role_id, message, created_at) VALUES ('a859baa8-f904-4645-bf0e-90ac4a449a26', '80050a62-313d-43f7-ad0a-981789cd9df1', '45980866-4dca-43a8-b357-91a5da3dd554', '0fc5978d-b7e5-449b-b686-762951f3b9d4', 'Крайна проверка: всички системи функционират нормално.', '2025-06-26 07:36:46');
INSERT INTO public.requests_logs (id, request_id, author_id, author_role_id, message, created_at) VALUES ('7e7995d1-4458-46e5-ba62-ee081f99b47b', '80050a62-313d-43f7-ad0a-981789cd9df1', '423f2d32-4bc8-4fd0-ac6f-03fef86eabc6', '0fc5978d-b7e5-449b-b686-762951f3b9d4', 'Проверихме спирачната система; нужда от смяна на накладки и дискове.', '2025-07-02 19:44:46');
INSERT INTO public.requests_logs (id, request_id, author_id, author_role_id, message, created_at) VALUES ('a451bc7c-9873-4089-959c-5adba1b9b02a', '3d198bdc-104e-400c-ad33-17db8047a974', 'cd5beddf-c9e7-4bbd-b9a7-0730892a2e4f', '0fc5978d-b7e5-449b-b686-762951f3b9d4', 'Направихме диагностика на двигателя — грешка P0301. Предлагаме сваляне и подробен преглед.', '2023-02-04 12:10:47');
INSERT INTO public.requests_logs (id, request_id, author_id, author_role_id, message, created_at) VALUES ('1885b3ef-ef2f-4766-b0b8-ce3e03a56320', '3d198bdc-104e-400c-ad33-17db8047a974', 'f2179fcc-0303-4bd3-8f7e-fedf04ee5194', 'ace6c34c-7778-4459-89f1-49848ae58e68', 'Направихме диагностика на двигателя — грешка P0301. Предлагаме сваляне и подробен преглед.', '2023-03-21 17:21:54');
INSERT INTO public.requests_logs (id, request_id, author_id, author_role_id, message, created_at) VALUES ('732008f1-097f-45dc-93e0-ab78b6b8bafc', '3d198bdc-104e-400c-ad33-17db8047a974', 'd7f15839-cb6c-4ac3-97a7-538eff5e47fa', '0fc5978d-b7e5-449b-b686-762951f3b9d4', 'Проверихме спирачната система; нужда от смяна на накладки и дискове.', '2023-02-25 14:04:18');
INSERT INTO public.requests_logs (id, request_id, author_id, author_role_id, message, created_at) VALUES ('c05b24d1-4294-4e3c-ac5c-38294fec7d00', '3d198bdc-104e-400c-ad33-17db8047a974', 'd7f15839-cb6c-4ac3-97a7-538eff5e47fa', '0fc5978d-b7e5-449b-b686-762951f3b9d4', 'Започнато е ремонтно действие; необходим е още 1 работен ден.', '2023-03-14 02:54:35');
INSERT INTO public.requests_logs (id, request_id, author_id, author_role_id, message, created_at) VALUES ('e1b98969-f52c-4cca-95c8-612e0bc05d51', '3d198bdc-104e-400c-ad33-17db8047a974', 'e5298f74-ecbd-4527-8762-ab5ba1accd43', '0fc5978d-b7e5-449b-b686-762951f3b9d4', 'Направихме диагностика на двигателя — грешка P0301. Предлагаме сваляне и подробен преглед.', '2023-04-06 07:25:28');
INSERT INTO public.requests_logs (id, request_id, author_id, author_role_id, message, created_at) VALUES ('c3b59cf8-e841-41ed-b309-b1f4ab609f33', '3d198bdc-104e-400c-ad33-17db8047a974', '0fa0745f-d6f7-4d0f-b960-603d20a83370', 'ace6c34c-7778-4459-89f1-49848ae58e68', 'Клиентът одобри предложените ремонти и части.', '2023-03-29 06:56:22');
INSERT INTO public.requests_logs (id, request_id, author_id, author_role_id, message, created_at) VALUES ('6894a651-e78c-4161-a2e1-5ed3864e558f', '3d198bdc-104e-400c-ad33-17db8047a974', 'f2179fcc-0303-4bd3-8f7e-fedf04ee5194', 'ace6c34c-7778-4459-89f1-49848ae58e68', 'Крайна проверка: всички системи функционират нормално.', '2023-03-27 05:02:18');
INSERT INTO public.requests_logs (id, request_id, author_id, author_role_id, message, created_at) VALUES ('1a04acce-9343-4df6-9c6d-d3231967f317', '3bf5160e-632f-4445-8928-3f5f45232597', '423f2d32-4bc8-4fd0-ac6f-03fef86eabc6', '0fc5978d-b7e5-449b-b686-762951f3b9d4', 'Сменено масло и маслен филтър. Препоръчваме следваща проверка след 5,000 км.', '2022-09-09 03:32:09');
INSERT INTO public.requests_logs (id, request_id, author_id, author_role_id, message, created_at) VALUES ('b565eed3-4c22-4fb5-96d9-d79220de1d06', '3bf5160e-632f-4445-8928-3f5f45232597', 'a605c994-6971-4e72-bffd-a69334722c0d', 'ace6c34c-7778-4459-89f1-49848ae58e68', 'Клиентът одобри предложените ремонти и части.', '2022-09-19 08:13:52');
INSERT INTO public.requests_logs (id, request_id, author_id, author_role_id, message, created_at) VALUES ('2d8cd124-199d-428e-9b33-ae3482d6912a', '3bf5160e-632f-4445-8928-3f5f45232597', 'a088678a-cc04-4256-8b0b-d06a48eb354e', 'ace6c34c-7778-4459-89f1-49848ae58e68', 'Извършихме визуален преглед на окачването — амортисьорите са износени.', '2022-09-14 20:27:00');
INSERT INTO public.requests_logs (id, request_id, author_id, author_role_id, message, created_at) VALUES ('eda6709f-5d47-4766-8da4-e12a213559c1', '3bf5160e-632f-4445-8928-3f5f45232597', '0fa0745f-d6f7-4d0f-b960-603d20a83370', 'ace6c34c-7778-4459-89f1-49848ae58e68', 'Направихме диагностика на двигателя — грешка P0301. Предлагаме сваляне и подробен преглед.', '2022-09-16 22:58:18');
INSERT INTO public.requests_logs (id, request_id, author_id, author_role_id, message, created_at) VALUES ('c3430b93-f14d-4bec-9f30-1f76bdf1b73a', '3bf5160e-632f-4445-8928-3f5f45232597', 'a605c994-6971-4e72-bffd-a69334722c0d', 'ace6c34c-7778-4459-89f1-49848ae58e68', 'Крайна проверка: всички системи функционират нормално.', '2022-09-19 16:56:41');
INSERT INTO public.requests_logs (id, request_id, author_id, author_role_id, message, created_at) VALUES ('35af7af8-85ec-4529-bc79-a1c64e436a7c', '3bf5160e-632f-4445-8928-3f5f45232597', '0fa0745f-d6f7-4d0f-b960-603d20a83370', 'ace6c34c-7778-4459-89f1-49848ae58e68', 'Сменено масло и маслен филтър. Препоръчваме следваща проверка след 5,000 км.', '2022-09-04 05:39:51');
INSERT INTO public.requests_logs (id, request_id, author_id, author_role_id, message, created_at) VALUES ('aa04fd13-e48a-48ea-803b-492a2c2fb59e', '3bf5160e-632f-4445-8928-3f5f45232597', '423f2d32-4bc8-4fd0-ac6f-03fef86eabc6', '0fc5978d-b7e5-449b-b686-762951f3b9d4', 'Клиентът одобри предложените ремонти и части.', '2022-09-12 08:08:39');
INSERT INTO public.requests_logs (id, request_id, author_id, author_role_id, message, created_at) VALUES ('308b7c16-f049-4c04-b85a-0aa6b79e47d1', '3bf5160e-632f-4445-8928-3f5f45232597', 'e5298f74-ecbd-4527-8762-ab5ba1accd43', '0fc5978d-b7e5-449b-b686-762951f3b9d4', 'Направихме диагностика на двигателя — грешка P0301. Предлагаме сваляне и подробен преглед.', '2022-09-17 20:40:11');
INSERT INTO public.requests_logs (id, request_id, author_id, author_role_id, message, created_at) VALUES ('82b5affe-ee66-4bc6-bbfa-981d695bca12', '3bf5160e-632f-4445-8928-3f5f45232597', 'a605c994-6971-4e72-bffd-a69334722c0d', 'ace6c34c-7778-4459-89f1-49848ae58e68', 'Сменено масло и маслен филтър. Препоръчваме следваща проверка след 5,000 км.', '2022-09-03 12:24:39');
INSERT INTO public.requests_logs (id, request_id, author_id, author_role_id, message, created_at) VALUES ('992a5db8-6c22-47a0-b0b9-c54cdcf2fd6c', '5762a2d6-e1ce-4f0b-a987-544749136912', 'd7f15839-cb6c-4ac3-97a7-538eff5e47fa', '0fc5978d-b7e5-449b-b686-762951f3b9d4', 'Клиентът одобри предложените ремонти и части.', '2022-10-24 03:04:44');
INSERT INTO public.requests_logs (id, request_id, author_id, author_role_id, message, created_at) VALUES ('0c591851-db9b-4f35-8729-df02d286d136', '5762a2d6-e1ce-4f0b-a987-544749136912', 'd7f15839-cb6c-4ac3-97a7-538eff5e47fa', '0fc5978d-b7e5-449b-b686-762951f3b9d4', 'Наложи се свързване с доставчик за резервни части; очаква се доставка след 3 дни.', '2022-10-26 02:48:08');
INSERT INTO public.requests_logs (id, request_id, author_id, author_role_id, message, created_at) VALUES ('a5730683-a21a-48ac-af9f-1603c7041054', '5762a2d6-e1ce-4f0b-a987-544749136912', 'a088678a-cc04-4256-8b0b-d06a48eb354e', 'ace6c34c-7778-4459-89f1-49848ae58e68', 'Проверихме спирачната система; нужда от смяна на накладки и дискове.', '2022-10-18 10:17:17');
INSERT INTO public.requests_logs (id, request_id, author_id, author_role_id, message, created_at) VALUES ('8cf0cd57-dbd8-4171-b6bd-06e44fa5faf5', '5762a2d6-e1ce-4f0b-a987-544749136912', '0fa0745f-d6f7-4d0f-b960-603d20a83370', 'ace6c34c-7778-4459-89f1-49848ae58e68', 'Направихме диагностика на двигателя — грешка P0301. Предлагаме сваляне и подробен преглед.', '2022-10-25 21:24:44');
INSERT INTO public.requests_logs (id, request_id, author_id, author_role_id, message, created_at) VALUES ('bb6fc945-51d0-459e-b7ae-afef7868f616', '5762a2d6-e1ce-4f0b-a987-544749136912', 'f2179fcc-0303-4bd3-8f7e-fedf04ee5194', 'ace6c34c-7778-4459-89f1-49848ae58e68', 'Започнато е ремонтно действие; необходим е още 1 работен ден.', '2022-10-20 21:06:47');
INSERT INTO public.requests_logs (id, request_id, author_id, author_role_id, message, created_at) VALUES ('7361a5cd-9aed-41be-8687-24e73b55477f', '5762a2d6-e1ce-4f0b-a987-544749136912', 'd7f15839-cb6c-4ac3-97a7-538eff5e47fa', '0fc5978d-b7e5-449b-b686-762951f3b9d4', 'Проверихме спирачната система; нужда от смяна на накладки и дискове.', '2022-10-17 14:16:32');
INSERT INTO public.requests_logs (id, request_id, author_id, author_role_id, message, created_at) VALUES ('d973f575-fedf-47f4-b21b-52a58fbac6b7', '5762a2d6-e1ce-4f0b-a987-544749136912', 'cd5beddf-c9e7-4bbd-b9a7-0730892a2e4f', '0fc5978d-b7e5-449b-b686-762951f3b9d4', 'Наложи се свързване с доставчик за резервни части; очаква се доставка след 3 дни.', '2022-10-17 21:43:08');
INSERT INTO public.requests_logs (id, request_id, author_id, author_role_id, message, created_at) VALUES ('5c34044c-054b-4a90-9fbe-61b79c574338', '909c68ee-c5f3-4f9d-b667-970c03edfac6', 'a605c994-6971-4e72-bffd-a69334722c0d', 'ace6c34c-7778-4459-89f1-49848ae58e68', 'Извършихме визуален преглед на окачването — амортисьорите са износени.', '2025-12-07 06:12:17');
INSERT INTO public.requests_logs (id, request_id, author_id, author_role_id, message, created_at) VALUES ('74571435-2957-47d0-8de6-1f3e94facfb6', '909c68ee-c5f3-4f9d-b667-970c03edfac6', 'e5298f74-ecbd-4527-8762-ab5ba1accd43', '0fc5978d-b7e5-449b-b686-762951f3b9d4', 'Известие до клиента: колата е готова за получаване.', '2025-12-11 04:33:54');
INSERT INTO public.requests_logs (id, request_id, author_id, author_role_id, message, created_at) VALUES ('685a1612-42c8-4029-a491-2c47d41cc33e', '909c68ee-c5f3-4f9d-b667-970c03edfac6', 'a088678a-cc04-4256-8b0b-d06a48eb354e', 'ace6c34c-7778-4459-89f1-49848ae58e68', 'Извършихме визуален преглед на окачването — амортисьорите са износени.', '2025-12-26 13:44:38');
INSERT INTO public.requests_logs (id, request_id, author_id, author_role_id, message, created_at) VALUES ('128a723e-a39d-4816-b7ad-c08b10493875', '909c68ee-c5f3-4f9d-b667-970c03edfac6', 'cf079cda-e7f3-4ef2-821e-f8c3f16e3008', 'ace6c34c-7778-4459-89f1-49848ae58e68', 'Наложи се свързване с доставчик за резервни части; очаква се доставка след 3 дни.', '2025-11-18 14:41:37');
INSERT INTO public.requests_logs (id, request_id, author_id, author_role_id, message, created_at) VALUES ('9735846a-d899-4d3a-8f4f-47449b2e9473', '909c68ee-c5f3-4f9d-b667-970c03edfac6', '423f2d32-4bc8-4fd0-ac6f-03fef86eabc6', '0fc5978d-b7e5-449b-b686-762951f3b9d4', 'Направихме диагностика на двигателя — грешка P0301. Предлагаме сваляне и подробен преглед.', '2025-12-01 20:18:04');
INSERT INTO public.requests_logs (id, request_id, author_id, author_role_id, message, created_at) VALUES ('d7184049-815d-4aac-9db3-f3be37dbb131', '909c68ee-c5f3-4f9d-b667-970c03edfac6', 'd7f15839-cb6c-4ac3-97a7-538eff5e47fa', '0fc5978d-b7e5-449b-b686-762951f3b9d4', 'Предоставена е пробна обиколка; няма вибрации или допълнителни шумове.', '2025-12-27 21:32:06');
INSERT INTO public.requests_logs (id, request_id, author_id, author_role_id, message, created_at) VALUES ('a6961da2-7d9e-451e-89db-ed69e2e65c13', '909c68ee-c5f3-4f9d-b667-970c03edfac6', 'cf079cda-e7f3-4ef2-821e-f8c3f16e3008', 'ace6c34c-7778-4459-89f1-49848ae58e68', 'Започнато е ремонтно действие; необходим е още 1 работен ден.', '2026-01-02 16:18:13');
INSERT INTO public.requests_logs (id, request_id, author_id, author_role_id, message, created_at) VALUES ('bb4a1a6e-c433-4b98-9af3-5d9b80f53eb6', '4f98092a-5eee-410c-9ded-86a0bb9d18ae', 'cd5beddf-c9e7-4bbd-b9a7-0730892a2e4f', '0fc5978d-b7e5-449b-b686-762951f3b9d4', 'Клиентът одобри предложените ремонти и части.', '2022-10-10 10:15:06');
INSERT INTO public.requests_logs (id, request_id, author_id, author_role_id, message, created_at) VALUES ('a6fa631f-766a-470f-8aa5-d4670101ba34', '4f98092a-5eee-410c-9ded-86a0bb9d18ae', 'a605c994-6971-4e72-bffd-a69334722c0d', 'ace6c34c-7778-4459-89f1-49848ae58e68', 'Известие до клиента: колата е готова за получаване.', '2022-10-03 05:25:03');
INSERT INTO public.requests_logs (id, request_id, author_id, author_role_id, message, created_at) VALUES ('cac875ff-f971-44fb-b954-3587dab6fba2', '4f98092a-5eee-410c-9ded-86a0bb9d18ae', 'cf079cda-e7f3-4ef2-821e-f8c3f16e3008', 'ace6c34c-7778-4459-89f1-49848ae58e68', 'Клиентът одобри предложените ремонти и части.', '2022-11-24 14:49:43');
INSERT INTO public.requests_logs (id, request_id, author_id, author_role_id, message, created_at) VALUES ('010b4626-74dd-4076-93cb-77562993e1f9', '4b3c7d62-be7a-4bd0-bf54-d9002ac77570', 'a605c994-6971-4e72-bffd-a69334722c0d', 'ace6c34c-7778-4459-89f1-49848ae58e68', 'Крайна проверка: всички системи функционират нормално.', '2024-04-15 05:31:43');
INSERT INTO public.requests_logs (id, request_id, author_id, author_role_id, message, created_at) VALUES ('1c61bff8-2e22-4362-8f57-c23ccb735276', '4b3c7d62-be7a-4bd0-bf54-d9002ac77570', 'e5298f74-ecbd-4527-8762-ab5ba1accd43', '0fc5978d-b7e5-449b-b686-762951f3b9d4', 'Предоставена е пробна обиколка; няма вибрации или допълнителни шумове.', '2024-04-22 04:59:34');
INSERT INTO public.requests_logs (id, request_id, author_id, author_role_id, message, created_at) VALUES ('3b8ad31b-6ab7-465f-8eb0-962e96e97352', '4b3c7d62-be7a-4bd0-bf54-d9002ac77570', 'cd5beddf-c9e7-4bbd-b9a7-0730892a2e4f', '0fc5978d-b7e5-449b-b686-762951f3b9d4', 'Сменено масло и маслен филтър. Препоръчваме следваща проверка след 5,000 км.', '2024-04-19 22:23:36');
INSERT INTO public.requests_logs (id, request_id, author_id, author_role_id, message, created_at) VALUES ('e0f27082-5f73-428f-b1fb-819788f22c83', '4b3c7d62-be7a-4bd0-bf54-d9002ac77570', 'a605c994-6971-4e72-bffd-a69334722c0d', 'ace6c34c-7778-4459-89f1-49848ae58e68', 'Започнато е ремонтно действие; необходим е още 1 работен ден.', '2024-04-29 15:15:36');
INSERT INTO public.requests_logs (id, request_id, author_id, author_role_id, message, created_at) VALUES ('ad596397-d246-430a-8aa9-eb5e23e13423', '4b3c7d62-be7a-4bd0-bf54-d9002ac77570', 'f2179fcc-0303-4bd3-8f7e-fedf04ee5194', 'ace6c34c-7778-4459-89f1-49848ae58e68', 'Известие до клиента: колата е готова за получаване.', '2024-04-19 15:22:37');
INSERT INTO public.requests_logs (id, request_id, author_id, author_role_id, message, created_at) VALUES ('816303b0-58d2-40a6-bf82-9acae034aa15', '4b3c7d62-be7a-4bd0-bf54-d9002ac77570', 'e5298f74-ecbd-4527-8762-ab5ba1accd43', '0fc5978d-b7e5-449b-b686-762951f3b9d4', 'Сменено масло и маслен филтър. Препоръчваме следваща проверка след 5,000 км.', '2024-04-18 18:10:50');
INSERT INTO public.requests_logs (id, request_id, author_id, author_role_id, message, created_at) VALUES ('380156a8-da39-4254-a719-fec44ee38933', '4b3c7d62-be7a-4bd0-bf54-d9002ac77570', 'cd5beddf-c9e7-4bbd-b9a7-0730892a2e4f', '0fc5978d-b7e5-449b-b686-762951f3b9d4', 'Наложи се свързване с доставчик за резервни части; очаква се доставка след 3 дни.', '2024-05-13 01:48:39');
INSERT INTO public.requests_logs (id, request_id, author_id, author_role_id, message, created_at) VALUES ('d460934b-db7a-4eae-be25-91b45926bb10', '4b3c7d62-be7a-4bd0-bf54-d9002ac77570', 'd7f15839-cb6c-4ac3-97a7-538eff5e47fa', '0fc5978d-b7e5-449b-b686-762951f3b9d4', 'Наложи се свързване с доставчик за резервни части; очаква се доставка след 3 дни.', '2024-05-02 16:51:00');
INSERT INTO public.requests_logs (id, request_id, author_id, author_role_id, message, created_at) VALUES ('08de7e82-6b68-4cd7-a95f-20e6d112cb6a', 'e7e4111f-b891-4ff3-ab1e-e45f7a0e6403', '45980866-4dca-43a8-b357-91a5da3dd554', '0fc5978d-b7e5-449b-b686-762951f3b9d4', 'Проверихме спирачната система; нужда от смяна на накладки и дискове.', '2025-07-16 21:50:13');
INSERT INTO public.requests_logs (id, request_id, author_id, author_role_id, message, created_at) VALUES ('4e7a3dfb-14cc-4663-9719-ed7e384ebf48', 'e7e4111f-b891-4ff3-ab1e-e45f7a0e6403', 'f2179fcc-0303-4bd3-8f7e-fedf04ee5194', 'ace6c34c-7778-4459-89f1-49848ae58e68', 'Направихме диагностика на двигателя — грешка P0301. Предлагаме сваляне и подробен преглед.', '2025-07-08 12:18:56');
INSERT INTO public.requests_logs (id, request_id, author_id, author_role_id, message, created_at) VALUES ('de4e21f6-bfea-4e6b-aeeb-a9d0ef516e98', 'e7e4111f-b891-4ff3-ab1e-e45f7a0e6403', 'd7f15839-cb6c-4ac3-97a7-538eff5e47fa', '0fc5978d-b7e5-449b-b686-762951f3b9d4', 'Направихме диагностика на двигателя — грешка P0301. Предлагаме сваляне и подробен преглед.', '2025-07-24 08:43:46');
INSERT INTO public.requests_logs (id, request_id, author_id, author_role_id, message, created_at) VALUES ('8de9872d-dcde-4cfc-ac80-78a6bce87dca', 'e7e4111f-b891-4ff3-ab1e-e45f7a0e6403', 'cd5beddf-c9e7-4bbd-b9a7-0730892a2e4f', '0fc5978d-b7e5-449b-b686-762951f3b9d4', 'Наложи се свързване с доставчик за резервни части; очаква се доставка след 3 дни.', '2025-07-09 14:18:29');
INSERT INTO public.requests_logs (id, request_id, author_id, author_role_id, message, created_at) VALUES ('7ac41b0d-f2b5-4c44-9ffc-e853a58a05ab', 'e7e4111f-b891-4ff3-ab1e-e45f7a0e6403', 'd7f15839-cb6c-4ac3-97a7-538eff5e47fa', '0fc5978d-b7e5-449b-b686-762951f3b9d4', 'Сменено масло и маслен филтър. Препоръчваме следваща проверка след 5,000 км.', '2025-07-05 18:43:21');
INSERT INTO public.requests_logs (id, request_id, author_id, author_role_id, message, created_at) VALUES ('eb3d3dd7-6353-4e80-9058-ab349ee880c7', 'e7e4111f-b891-4ff3-ab1e-e45f7a0e6403', 'cf079cda-e7f3-4ef2-821e-f8c3f16e3008', 'ace6c34c-7778-4459-89f1-49848ae58e68', 'Започнато е ремонтно действие; необходим е още 1 работен ден.', '2025-07-22 14:08:05');
INSERT INTO public.requests_logs (id, request_id, author_id, author_role_id, message, created_at) VALUES ('4d29fb12-554d-4b56-8521-b476f6232431', 'e7e4111f-b891-4ff3-ab1e-e45f7a0e6403', '423f2d32-4bc8-4fd0-ac6f-03fef86eabc6', '0fc5978d-b7e5-449b-b686-762951f3b9d4', 'Предоставена е пробна обиколка; няма вибрации или допълнителни шумове.', '2025-06-28 15:49:30');
INSERT INTO public.requests_logs (id, request_id, author_id, author_role_id, message, created_at) VALUES ('1bd09c92-22ac-493d-9c73-c15ad989e748', 'e7e4111f-b891-4ff3-ab1e-e45f7a0e6403', 'cd5beddf-c9e7-4bbd-b9a7-0730892a2e4f', '0fc5978d-b7e5-449b-b686-762951f3b9d4', 'Крайна проверка: всички системи функционират нормално.', '2025-07-03 17:25:16');
INSERT INTO public.requests_logs (id, request_id, author_id, author_role_id, message, created_at) VALUES ('d7f57ad5-a02c-4c3c-b4d8-2c537b1fe0be', 'e7e4111f-b891-4ff3-ab1e-e45f7a0e6403', 'a605c994-6971-4e72-bffd-a69334722c0d', 'ace6c34c-7778-4459-89f1-49848ae58e68', 'Клиентът одобри предложените ремонти и части.', '2025-06-14 11:44:19');
INSERT INTO public.requests_logs (id, request_id, author_id, author_role_id, message, created_at) VALUES ('b62d6549-86c7-4ed7-86e1-64f4be423677', 'e7e4111f-b891-4ff3-ab1e-e45f7a0e6403', '0fa0745f-d6f7-4d0f-b960-603d20a83370', 'ace6c34c-7778-4459-89f1-49848ae58e68', 'Известие до клиента: колата е готова за получаване.', '2025-06-18 09:14:53');
INSERT INTO public.requests_logs (id, request_id, author_id, author_role_id, message, created_at) VALUES ('7d0b4c41-cee9-4b46-bc30-e844e8d4934c', '8ac0d078-dc19-47d4-935a-3b51193f5175', '45980866-4dca-43a8-b357-91a5da3dd554', '0fc5978d-b7e5-449b-b686-762951f3b9d4', 'Направихме диагностика на двигателя — грешка P0301. Предлагаме сваляне и подробен преглед.', '2025-03-07 02:04:25');
INSERT INTO public.requests_logs (id, request_id, author_id, author_role_id, message, created_at) VALUES ('984dca68-157c-4c82-9aef-d667405443fc', '8ac0d078-dc19-47d4-935a-3b51193f5175', '45980866-4dca-43a8-b357-91a5da3dd554', '0fc5978d-b7e5-449b-b686-762951f3b9d4', 'Проверихме спирачната система; нужда от смяна на накладки и дискове.', '2025-04-02 05:12:55');
INSERT INTO public.requests_logs (id, request_id, author_id, author_role_id, message, created_at) VALUES ('fdd00246-a54f-474b-a9ab-520431022f65', '8ac0d078-dc19-47d4-935a-3b51193f5175', 'd7f15839-cb6c-4ac3-97a7-538eff5e47fa', '0fc5978d-b7e5-449b-b686-762951f3b9d4', 'Извършихме визуален преглед на окачването — амортисьорите са износени.', '2025-03-24 10:14:15');
INSERT INTO public.requests_logs (id, request_id, author_id, author_role_id, message, created_at) VALUES ('e9fcbfce-529b-4a05-ab21-e9433c71ff47', '8ac0d078-dc19-47d4-935a-3b51193f5175', 'a605c994-6971-4e72-bffd-a69334722c0d', 'ace6c34c-7778-4459-89f1-49848ae58e68', 'Известие до клиента: колата е готова за получаване.', '2025-03-28 03:02:27');
INSERT INTO public.requests_logs (id, request_id, author_id, author_role_id, message, created_at) VALUES ('82a030b1-9cad-4c3a-b0b0-03c1edf422a7', 'cc2e0b88-7c56-4377-ba1c-cbf1e8920b52', 'd7f15839-cb6c-4ac3-97a7-538eff5e47fa', '0fc5978d-b7e5-449b-b686-762951f3b9d4', 'Известие до клиента: колата е готова за получаване.', '2023-08-11 20:45:06');
INSERT INTO public.requests_logs (id, request_id, author_id, author_role_id, message, created_at) VALUES ('c7760f58-40cc-4d45-bcb1-a92e37330813', 'cc2e0b88-7c56-4377-ba1c-cbf1e8920b52', 'e5298f74-ecbd-4527-8762-ab5ba1accd43', '0fc5978d-b7e5-449b-b686-762951f3b9d4', 'Известие до клиента: колата е готова за получаване.', '2023-08-11 00:41:06');
INSERT INTO public.requests_logs (id, request_id, author_id, author_role_id, message, created_at) VALUES ('7d0e6f59-d07f-4342-b55a-5d5fe24bc719', 'cc2e0b88-7c56-4377-ba1c-cbf1e8920b52', 'cd5beddf-c9e7-4bbd-b9a7-0730892a2e4f', '0fc5978d-b7e5-449b-b686-762951f3b9d4', 'Наложи се свързване с доставчик за резервни части; очаква се доставка след 3 дни.', '2023-08-11 16:06:15');
INSERT INTO public.requests_logs (id, request_id, author_id, author_role_id, message, created_at) VALUES ('b571a993-a914-419d-87e1-b385eef1d748', 'cc2e0b88-7c56-4377-ba1c-cbf1e8920b52', '0fa0745f-d6f7-4d0f-b960-603d20a83370', 'ace6c34c-7778-4459-89f1-49848ae58e68', 'Известие до клиента: колата е готова за получаване.', '2023-08-11 13:00:41');
INSERT INTO public.requests_logs (id, request_id, author_id, author_role_id, message, created_at) VALUES ('744bdbf7-ce15-4e46-90b5-3d83a06ef55c', 'cc2e0b88-7c56-4377-ba1c-cbf1e8920b52', 'e5298f74-ecbd-4527-8762-ab5ba1accd43', '0fc5978d-b7e5-449b-b686-762951f3b9d4', 'Извършихме визуален преглед на окачването — амортисьорите са износени.', '2023-08-11 03:45:47');
INSERT INTO public.requests_logs (id, request_id, author_id, author_role_id, message, created_at) VALUES ('1216ab7f-8ac6-4de6-a585-5dde8ede7e0e', 'cc2e0b88-7c56-4377-ba1c-cbf1e8920b52', 'cd5beddf-c9e7-4bbd-b9a7-0730892a2e4f', '0fc5978d-b7e5-449b-b686-762951f3b9d4', 'Сменено масло и маслен филтър. Препоръчваме следваща проверка след 5,000 км.', '2023-08-11 20:43:42');
INSERT INTO public.requests_logs (id, request_id, author_id, author_role_id, message, created_at) VALUES ('efd5142d-e797-4d9b-9c19-9224acc965ee', 'cc2e0b88-7c56-4377-ba1c-cbf1e8920b52', 'cd5beddf-c9e7-4bbd-b9a7-0730892a2e4f', '0fc5978d-b7e5-449b-b686-762951f3b9d4', 'Сменено масло и маслен филтър. Препоръчваме следваща проверка след 5,000 км.', '2023-08-11 14:54:46');
INSERT INTO public.requests_logs (id, request_id, author_id, author_role_id, message, created_at) VALUES ('d4f7c970-b721-4e76-9362-31ff858e1c80', 'cc2e0b88-7c56-4377-ba1c-cbf1e8920b52', '45980866-4dca-43a8-b357-91a5da3dd554', '0fc5978d-b7e5-449b-b686-762951f3b9d4', 'Наложи се свързване с доставчик за резервни части; очаква се доставка след 3 дни.', '2023-08-11 04:17:25');
INSERT INTO public.requests_logs (id, request_id, author_id, author_role_id, message, created_at) VALUES ('ac13a962-6132-4660-9df9-17b70b721311', 'cc2e0b88-7c56-4377-ba1c-cbf1e8920b52', 'd7f15839-cb6c-4ac3-97a7-538eff5e47fa', '0fc5978d-b7e5-449b-b686-762951f3b9d4', 'Клиентът одобри предложените ремонти и части.', '2023-08-11 07:26:01');
INSERT INTO public.requests_logs (id, request_id, author_id, author_role_id, message, created_at) VALUES ('fa171231-dd90-4cc6-a40a-8df0346906dd', 'cc2e0b88-7c56-4377-ba1c-cbf1e8920b52', '0fa0745f-d6f7-4d0f-b960-603d20a83370', 'ace6c34c-7778-4459-89f1-49848ae58e68', 'Клиентът одобри предложените ремонти и части.', '2023-08-11 02:09:27');
INSERT INTO public.requests_logs (id, request_id, author_id, author_role_id, message, created_at) VALUES ('b3b08367-fc73-41f8-97aa-480a9cc29dee', '55717e5f-b522-4070-bc8d-174755a06d65', 'a088678a-cc04-4256-8b0b-d06a48eb354e', 'ace6c34c-7778-4459-89f1-49848ae58e68', 'Проверихме спирачната система; нужда от смяна на накладки и дискове.', '2022-09-02 11:27:56');
INSERT INTO public.requests_logs (id, request_id, author_id, author_role_id, message, created_at) VALUES ('5cef4d47-9dee-44af-b6eb-0cef599dc6c6', '55717e5f-b522-4070-bc8d-174755a06d65', 'a088678a-cc04-4256-8b0b-d06a48eb354e', 'ace6c34c-7778-4459-89f1-49848ae58e68', 'Направихме диагностика на двигателя — грешка P0301. Предлагаме сваляне и подробен преглед.', '2022-09-01 22:38:50');
INSERT INTO public.requests_logs (id, request_id, author_id, author_role_id, message, created_at) VALUES ('06cdc6af-f088-4c1b-8f7e-9081a1d332cb', '55717e5f-b522-4070-bc8d-174755a06d65', 'a088678a-cc04-4256-8b0b-d06a48eb354e', 'ace6c34c-7778-4459-89f1-49848ae58e68', 'Известие до клиента: колата е готова за получаване.', '2022-09-02 11:44:11');
INSERT INTO public.requests_logs (id, request_id, author_id, author_role_id, message, created_at) VALUES ('d60911ff-9235-44b5-b92e-207d149a6ff4', '55717e5f-b522-4070-bc8d-174755a06d65', 'a605c994-6971-4e72-bffd-a69334722c0d', 'ace6c34c-7778-4459-89f1-49848ae58e68', 'Проверихме спирачната система; нужда от смяна на накладки и дискове.', '2022-09-02 00:30:28');
INSERT INTO public.requests_logs (id, request_id, author_id, author_role_id, message, created_at) VALUES ('5704a1c4-35b6-492c-900c-b7f7c3d629c3', '55717e5f-b522-4070-bc8d-174755a06d65', 'cf079cda-e7f3-4ef2-821e-f8c3f16e3008', 'ace6c34c-7778-4459-89f1-49848ae58e68', 'Предоставена е пробна обиколка; няма вибрации или допълнителни шумове.', '2022-09-02 04:57:09');
INSERT INTO public.requests_logs (id, request_id, author_id, author_role_id, message, created_at) VALUES ('d2297333-d9b0-46f1-88a1-54e0e03ca8d7', '55717e5f-b522-4070-bc8d-174755a06d65', 'f2179fcc-0303-4bd3-8f7e-fedf04ee5194', 'ace6c34c-7778-4459-89f1-49848ae58e68', 'Предоставена е пробна обиколка; няма вибрации или допълнителни шумове.', '2022-09-01 19:37:56');
INSERT INTO public.requests_logs (id, request_id, author_id, author_role_id, message, created_at) VALUES ('8a824292-fe09-4446-9437-e75b8a62171a', '55717e5f-b522-4070-bc8d-174755a06d65', 'f2179fcc-0303-4bd3-8f7e-fedf04ee5194', 'ace6c34c-7778-4459-89f1-49848ae58e68', 'Крайна проверка: всички системи функционират нормално.', '2022-09-01 20:37:41');
INSERT INTO public.requests_logs (id, request_id, author_id, author_role_id, message, created_at) VALUES ('192b4068-d15f-49f3-8f81-9d36b7d07d75', '55717e5f-b522-4070-bc8d-174755a06d65', 'd7f15839-cb6c-4ac3-97a7-538eff5e47fa', '0fc5978d-b7e5-449b-b686-762951f3b9d4', 'Предоставена е пробна обиколка; няма вибрации или допълнителни шумове.', '2022-09-01 13:15:11');
INSERT INTO public.requests_logs (id, request_id, author_id, author_role_id, message, created_at) VALUES ('eb3f86a7-82d0-468d-a024-40c2051d319a', '55717e5f-b522-4070-bc8d-174755a06d65', 'cf079cda-e7f3-4ef2-821e-f8c3f16e3008', 'ace6c34c-7778-4459-89f1-49848ae58e68', 'Извършихме визуален преглед на окачването — амортисьорите са износени.', '2022-09-01 21:24:06');
INSERT INTO public.requests_logs (id, request_id, author_id, author_role_id, message, created_at) VALUES ('830998d3-cd76-4c15-bfd2-951241314278', '55717e5f-b522-4070-bc8d-174755a06d65', 'a088678a-cc04-4256-8b0b-d06a48eb354e', 'ace6c34c-7778-4459-89f1-49848ae58e68', 'Известие до клиента: колата е готова за получаване.', '2022-09-01 13:07:27');
INSERT INTO public.requests_logs (id, request_id, author_id, author_role_id, message, created_at) VALUES ('0dbbd377-1762-4b99-8798-14a46641dee3', 'ec8d7e10-cd45-43fe-a42d-8ed06b1b63e2', 'e5298f74-ecbd-4527-8762-ab5ba1accd43', '0fc5978d-b7e5-449b-b686-762951f3b9d4', 'Крайна проверка: всички системи функционират нормално.', '2025-01-29 16:04:32');
INSERT INTO public.requests_logs (id, request_id, author_id, author_role_id, message, created_at) VALUES ('5f0b71f7-bc92-4bc7-a3b9-9ddcdf310338', 'ec8d7e10-cd45-43fe-a42d-8ed06b1b63e2', 'a088678a-cc04-4256-8b0b-d06a48eb354e', 'ace6c34c-7778-4459-89f1-49848ae58e68', 'Започнато е ремонтно действие; необходим е още 1 работен ден.', '2025-01-27 09:01:01');
INSERT INTO public.requests_logs (id, request_id, author_id, author_role_id, message, created_at) VALUES ('c3d0ed7c-a017-4db1-bfd8-69509f0c979c', 'ec8d7e10-cd45-43fe-a42d-8ed06b1b63e2', '423f2d32-4bc8-4fd0-ac6f-03fef86eabc6', '0fc5978d-b7e5-449b-b686-762951f3b9d4', 'Извършихме визуален преглед на окачването — амортисьорите са износени.', '2025-01-17 06:52:18');
INSERT INTO public.requests_logs (id, request_id, author_id, author_role_id, message, created_at) VALUES ('040384f6-ed43-4727-833f-7ae03219e593', '2d5e2484-f47b-41cc-b549-7b7a55620dac', '45980866-4dca-43a8-b357-91a5da3dd554', '0fc5978d-b7e5-449b-b686-762951f3b9d4', 'Започнато е ремонтно действие; необходим е още 1 работен ден.', '2022-01-11 16:16:59');
INSERT INTO public.requests_logs (id, request_id, author_id, author_role_id, message, created_at) VALUES ('115ad754-2b9d-413c-a359-d4115cd8a6e7', '2d5e2484-f47b-41cc-b549-7b7a55620dac', '423f2d32-4bc8-4fd0-ac6f-03fef86eabc6', '0fc5978d-b7e5-449b-b686-762951f3b9d4', 'Сменено масло и маслен филтър. Препоръчваме следваща проверка след 5,000 км.', '2022-01-11 04:11:30');
INSERT INTO public.requests_logs (id, request_id, author_id, author_role_id, message, created_at) VALUES ('c8a4f090-dc78-4869-9b24-2360a9f3a70e', '2d5e2484-f47b-41cc-b549-7b7a55620dac', 'a605c994-6971-4e72-bffd-a69334722c0d', 'ace6c34c-7778-4459-89f1-49848ae58e68', 'Сменено масло и маслен филтър. Препоръчваме следваща проверка след 5,000 км.', '2022-01-08 06:39:14');
INSERT INTO public.requests_logs (id, request_id, author_id, author_role_id, message, created_at) VALUES ('0f1b3809-878e-4d89-8bf1-36e8f917a981', '2d5e2484-f47b-41cc-b549-7b7a55620dac', 'd7f15839-cb6c-4ac3-97a7-538eff5e47fa', '0fc5978d-b7e5-449b-b686-762951f3b9d4', 'Проверихме спирачната система; нужда от смяна на накладки и дискове.', '2022-01-07 17:12:24');
INSERT INTO public.requests_logs (id, request_id, author_id, author_role_id, message, created_at) VALUES ('3c1acdbd-84e1-41c9-b214-e5710370a172', '2d5e2484-f47b-41cc-b549-7b7a55620dac', 'cd5beddf-c9e7-4bbd-b9a7-0730892a2e4f', '0fc5978d-b7e5-449b-b686-762951f3b9d4', 'Направихме диагностика на двигателя — грешка P0301. Предлагаме сваляне и подробен преглед.', '2022-01-11 22:45:19');
INSERT INTO public.requests_logs (id, request_id, author_id, author_role_id, message, created_at) VALUES ('1bd03aee-0b4b-42c1-8b79-fc25ea23b11d', '2d5e2484-f47b-41cc-b549-7b7a55620dac', 'a088678a-cc04-4256-8b0b-d06a48eb354e', 'ace6c34c-7778-4459-89f1-49848ae58e68', 'Проверихме спирачната система; нужда от смяна на накладки и дискове.', '2022-01-07 14:23:36');
INSERT INTO public.requests_logs (id, request_id, author_id, author_role_id, message, created_at) VALUES ('e9e903e6-5a19-496a-840c-83fc73d70ce0', '2d5e2484-f47b-41cc-b549-7b7a55620dac', '0fa0745f-d6f7-4d0f-b960-603d20a83370', 'ace6c34c-7778-4459-89f1-49848ae58e68', 'Крайна проверка: всички системи функционират нормално.', '2022-01-07 12:44:27');
INSERT INTO public.requests_logs (id, request_id, author_id, author_role_id, message, created_at) VALUES ('1feb4372-390f-446a-ac4c-a264975b3154', '2d5e2484-f47b-41cc-b549-7b7a55620dac', 'cd5beddf-c9e7-4bbd-b9a7-0730892a2e4f', '0fc5978d-b7e5-449b-b686-762951f3b9d4', 'Направихме диагностика на двигателя — грешка P0301. Предлагаме сваляне и подробен преглед.', '2022-01-08 07:48:18');
INSERT INTO public.requests_logs (id, request_id, author_id, author_role_id, message, created_at) VALUES ('4e33fdb4-9dd5-4c0e-93d3-e85efb003e3a', '236dbe97-6c73-44ca-82f0-77b87c689393', 'a605c994-6971-4e72-bffd-a69334722c0d', 'ace6c34c-7778-4459-89f1-49848ae58e68', 'Крайна проверка: всички системи функционират нормално.', '2025-06-15 05:32:20');
INSERT INTO public.requests_logs (id, request_id, author_id, author_role_id, message, created_at) VALUES ('739ae27d-b909-4776-82a4-fa048f570734', '236dbe97-6c73-44ca-82f0-77b87c689393', 'cd5beddf-c9e7-4bbd-b9a7-0730892a2e4f', '0fc5978d-b7e5-449b-b686-762951f3b9d4', 'Крайна проверка: всички системи функционират нормално.', '2025-06-14 17:07:23');
INSERT INTO public.requests_logs (id, request_id, author_id, author_role_id, message, created_at) VALUES ('0547a626-52c2-4a51-933e-093938697c24', '236dbe97-6c73-44ca-82f0-77b87c689393', 'a088678a-cc04-4256-8b0b-d06a48eb354e', 'ace6c34c-7778-4459-89f1-49848ae58e68', 'Клиентът одобри предложените ремонти и части.', '2025-06-15 06:00:05');
INSERT INTO public.requests_logs (id, request_id, author_id, author_role_id, message, created_at) VALUES ('d84d989a-1f13-41c0-88de-1b9dfcefb241', '236dbe97-6c73-44ca-82f0-77b87c689393', 'cf079cda-e7f3-4ef2-821e-f8c3f16e3008', 'ace6c34c-7778-4459-89f1-49848ae58e68', 'Наложи се свързване с доставчик за резервни части; очаква се доставка след 3 дни.', '2025-06-15 09:42:15');
INSERT INTO public.requests_logs (id, request_id, author_id, author_role_id, message, created_at) VALUES ('09932ebf-895f-4c57-98dc-4d3c826954d3', '236dbe97-6c73-44ca-82f0-77b87c689393', 'a088678a-cc04-4256-8b0b-d06a48eb354e', 'ace6c34c-7778-4459-89f1-49848ae58e68', 'Започнато е ремонтно действие; необходим е още 1 работен ден.', '2025-06-14 17:33:12');
INSERT INTO public.requests_logs (id, request_id, author_id, author_role_id, message, created_at) VALUES ('b38f8bc2-1803-4cc3-bde8-2f630eca2a2e', '236dbe97-6c73-44ca-82f0-77b87c689393', 'd7f15839-cb6c-4ac3-97a7-538eff5e47fa', '0fc5978d-b7e5-449b-b686-762951f3b9d4', 'Направихме диагностика на двигателя — грешка P0301. Предлагаме сваляне и подробен преглед.', '2025-06-14 17:05:42');
INSERT INTO public.requests_logs (id, request_id, author_id, author_role_id, message, created_at) VALUES ('ead4dda1-fad2-4d3c-a8e8-1ae003cd5fa4', '808900de-0566-4d0c-8945-f36d4f08db6a', '45980866-4dca-43a8-b357-91a5da3dd554', '0fc5978d-b7e5-449b-b686-762951f3b9d4', 'Крайна проверка: всички системи функционират нормално.', '2024-04-12 17:58:58');
INSERT INTO public.requests_logs (id, request_id, author_id, author_role_id, message, created_at) VALUES ('5dc2e92b-2705-484a-814b-0fe9ceebc58e', '808900de-0566-4d0c-8945-f36d4f08db6a', 'cd5beddf-c9e7-4bbd-b9a7-0730892a2e4f', '0fc5978d-b7e5-449b-b686-762951f3b9d4', 'Започнато е ремонтно действие; необходим е още 1 работен ден.', '2024-04-21 00:17:09');
INSERT INTO public.requests_logs (id, request_id, author_id, author_role_id, message, created_at) VALUES ('9bc84cd6-d45e-48bd-a6e7-3157eaf2be8d', '808900de-0566-4d0c-8945-f36d4f08db6a', 'e5298f74-ecbd-4527-8762-ab5ba1accd43', '0fc5978d-b7e5-449b-b686-762951f3b9d4', 'Започнато е ремонтно действие; необходим е още 1 работен ден.', '2024-04-02 01:53:52');
INSERT INTO public.requests_logs (id, request_id, author_id, author_role_id, message, created_at) VALUES ('fbbc8dfe-b263-45d1-a557-33d34e7bb210', '808900de-0566-4d0c-8945-f36d4f08db6a', '0fa0745f-d6f7-4d0f-b960-603d20a83370', 'ace6c34c-7778-4459-89f1-49848ae58e68', 'Направихме диагностика на двигателя — грешка P0301. Предлагаме сваляне и подробен преглед.', '2024-04-19 18:11:14');
INSERT INTO public.requests_logs (id, request_id, author_id, author_role_id, message, created_at) VALUES ('0d43759c-3346-4ba5-a194-3f83a13f4ff6', '808900de-0566-4d0c-8945-f36d4f08db6a', 'cd5beddf-c9e7-4bbd-b9a7-0730892a2e4f', '0fc5978d-b7e5-449b-b686-762951f3b9d4', 'Предоставена е пробна обиколка; няма вибрации или допълнителни шумове.', '2024-04-19 11:44:14');
INSERT INTO public.requests_logs (id, request_id, author_id, author_role_id, message, created_at) VALUES ('b5bd9a7b-0c4d-4dff-8d87-0e258b7cd9a0', '808900de-0566-4d0c-8945-f36d4f08db6a', '0fa0745f-d6f7-4d0f-b960-603d20a83370', 'ace6c34c-7778-4459-89f1-49848ae58e68', 'Сменено масло и маслен филтър. Препоръчваме следваща проверка след 5,000 км.', '2024-05-03 13:35:52');
INSERT INTO public.requests_logs (id, request_id, author_id, author_role_id, message, created_at) VALUES ('e4ae94d0-441b-4106-8e44-036de9395b81', '808900de-0566-4d0c-8945-f36d4f08db6a', 'cf079cda-e7f3-4ef2-821e-f8c3f16e3008', 'ace6c34c-7778-4459-89f1-49848ae58e68', 'Крайна проверка: всички системи функционират нормално.', '2024-05-20 13:41:55');
INSERT INTO public.requests_logs (id, request_id, author_id, author_role_id, message, created_at) VALUES ('64a75792-10ff-463b-a54f-97e5302d3627', '808900de-0566-4d0c-8945-f36d4f08db6a', '0fa0745f-d6f7-4d0f-b960-603d20a83370', 'ace6c34c-7778-4459-89f1-49848ae58e68', 'Започнато е ремонтно действие; необходим е още 1 работен ден.', '2024-05-01 12:14:22');
INSERT INTO public.requests_logs (id, request_id, author_id, author_role_id, message, created_at) VALUES ('5836dcd4-dcf2-4e60-b13d-a552d26e75e2', '808900de-0566-4d0c-8945-f36d4f08db6a', '423f2d32-4bc8-4fd0-ac6f-03fef86eabc6', '0fc5978d-b7e5-449b-b686-762951f3b9d4', 'Извършихме визуален преглед на окачването — амортисьорите са износени.', '2024-03-02 06:07:37');
INSERT INTO public.requests_logs (id, request_id, author_id, author_role_id, message, created_at) VALUES ('99c9dd26-b826-4176-9ba1-4fe4dfa0f8eb', '808900de-0566-4d0c-8945-f36d4f08db6a', 'e5298f74-ecbd-4527-8762-ab5ba1accd43', '0fc5978d-b7e5-449b-b686-762951f3b9d4', 'Сменено масло и маслен филтър. Препоръчваме следваща проверка след 5,000 км.', '2024-03-14 08:03:54');
INSERT INTO public.requests_logs (id, request_id, author_id, author_role_id, message, created_at) VALUES ('eced7924-7eb0-4a37-a2e2-7ea1e8706d9e', '22358d8b-3b6f-4667-9873-7fe5cfa1a16d', 'f2179fcc-0303-4bd3-8f7e-fedf04ee5194', 'ace6c34c-7778-4459-89f1-49848ae58e68', 'Наложи се свързване с доставчик за резервни части; очаква се доставка след 3 дни.', '2025-09-24 08:19:01');
INSERT INTO public.requests_logs (id, request_id, author_id, author_role_id, message, created_at) VALUES ('7eeb3ebe-559e-4024-a1a9-8b0e67209074', '22358d8b-3b6f-4667-9873-7fe5cfa1a16d', '0fa0745f-d6f7-4d0f-b960-603d20a83370', 'ace6c34c-7778-4459-89f1-49848ae58e68', 'Крайна проверка: всички системи функционират нормално.', '2025-09-24 05:54:56');
INSERT INTO public.requests_logs (id, request_id, author_id, author_role_id, message, created_at) VALUES ('16d755d5-904d-4cba-aa7a-0e9143ef0e39', '22358d8b-3b6f-4667-9873-7fe5cfa1a16d', '423f2d32-4bc8-4fd0-ac6f-03fef86eabc6', '0fc5978d-b7e5-449b-b686-762951f3b9d4', 'Известие до клиента: колата е готова за получаване.', '2025-09-24 16:30:36');
INSERT INTO public.requests_logs (id, request_id, author_id, author_role_id, message, created_at) VALUES ('cdf6ffa7-4ddc-4166-ac7d-bd788814d8d7', '22358d8b-3b6f-4667-9873-7fe5cfa1a16d', 'cf079cda-e7f3-4ef2-821e-f8c3f16e3008', 'ace6c34c-7778-4459-89f1-49848ae58e68', 'Сменено масло и маслен филтър. Препоръчваме следваща проверка след 5,000 км.', '2025-09-24 16:47:25');
INSERT INTO public.requests_logs (id, request_id, author_id, author_role_id, message, created_at) VALUES ('5fda5830-1cb7-4d2d-9470-788851f4e02d', '79262995-af2b-4186-b8ae-d041ee14c73c', '45980866-4dca-43a8-b357-91a5da3dd554', '0fc5978d-b7e5-449b-b686-762951f3b9d4', 'Предоставена е пробна обиколка; няма вибрации или допълнителни шумове.', '2023-03-20 05:17:55');
INSERT INTO public.requests_logs (id, request_id, author_id, author_role_id, message, created_at) VALUES ('7784fa8c-7776-45c9-b4df-c1fd72c0c171', '79262995-af2b-4186-b8ae-d041ee14c73c', '45980866-4dca-43a8-b357-91a5da3dd554', '0fc5978d-b7e5-449b-b686-762951f3b9d4', 'Предоставена е пробна обиколка; няма вибрации или допълнителни шумове.', '2023-03-26 06:22:12');
INSERT INTO public.requests_logs (id, request_id, author_id, author_role_id, message, created_at) VALUES ('8a11884b-e3c0-4959-856d-4847840b1505', '79262995-af2b-4186-b8ae-d041ee14c73c', 'f2179fcc-0303-4bd3-8f7e-fedf04ee5194', 'ace6c34c-7778-4459-89f1-49848ae58e68', 'Клиентът одобри предложените ремонти и части.', '2023-02-24 00:25:52');
INSERT INTO public.requests_logs (id, request_id, author_id, author_role_id, message, created_at) VALUES ('b55bcdf3-34f6-4147-b953-26a64d4f99e1', '79262995-af2b-4186-b8ae-d041ee14c73c', '45980866-4dca-43a8-b357-91a5da3dd554', '0fc5978d-b7e5-449b-b686-762951f3b9d4', 'Известие до клиента: колата е готова за получаване.', '2023-03-24 13:00:25');
INSERT INTO public.requests_logs (id, request_id, author_id, author_role_id, message, created_at) VALUES ('ec19867c-0317-45da-94b2-0795e67ca793', '79262995-af2b-4186-b8ae-d041ee14c73c', 'd7f15839-cb6c-4ac3-97a7-538eff5e47fa', '0fc5978d-b7e5-449b-b686-762951f3b9d4', 'Извършихме визуален преглед на окачването — амортисьорите са износени.', '2023-02-08 20:32:42');
INSERT INTO public.requests_logs (id, request_id, author_id, author_role_id, message, created_at) VALUES ('8b09a390-e666-42d5-9d85-6ef88c225311', '79262995-af2b-4186-b8ae-d041ee14c73c', '0fa0745f-d6f7-4d0f-b960-603d20a83370', 'ace6c34c-7778-4459-89f1-49848ae58e68', 'Проверихме спирачната система; нужда от смяна на накладки и дискове.', '2023-02-14 07:18:38');
INSERT INTO public.requests_logs (id, request_id, author_id, author_role_id, message, created_at) VALUES ('fcf22729-9300-4b71-85bf-17c0660b1f0d', '79262995-af2b-4186-b8ae-d041ee14c73c', 'e5298f74-ecbd-4527-8762-ab5ba1accd43', '0fc5978d-b7e5-449b-b686-762951f3b9d4', 'Крайна проверка: всички системи функционират нормално.', '2023-03-07 19:15:37');
INSERT INTO public.requests_logs (id, request_id, author_id, author_role_id, message, created_at) VALUES ('bba9b990-5d50-450d-b958-c2dd31df9f07', '79262995-af2b-4186-b8ae-d041ee14c73c', 'cf079cda-e7f3-4ef2-821e-f8c3f16e3008', 'ace6c34c-7778-4459-89f1-49848ae58e68', 'Сменено масло и маслен филтър. Препоръчваме следваща проверка след 5,000 км.', '2023-03-24 06:06:05');
INSERT INTO public.requests_logs (id, request_id, author_id, author_role_id, message, created_at) VALUES ('d3d000c8-f4b8-4780-904d-d64afa7f9a96', '79262995-af2b-4186-b8ae-d041ee14c73c', 'a605c994-6971-4e72-bffd-a69334722c0d', 'ace6c34c-7778-4459-89f1-49848ae58e68', 'Крайна проверка: всички системи функционират нормално.', '2023-02-17 06:15:17');
INSERT INTO public.requests_logs (id, request_id, author_id, author_role_id, message, created_at) VALUES ('ba61c592-d0cd-47aa-81ce-835365fe8c5e', '9b57a33d-1d6d-490b-bb61-fa33ed6319a6', '0fa0745f-d6f7-4d0f-b960-603d20a83370', 'ace6c34c-7778-4459-89f1-49848ae58e68', 'Предоставена е пробна обиколка; няма вибрации или допълнителни шумове.', '2022-09-15 22:26:35');
INSERT INTO public.requests_logs (id, request_id, author_id, author_role_id, message, created_at) VALUES ('9630ca8a-8910-4f41-965d-7ad773d956d5', '9b57a33d-1d6d-490b-bb61-fa33ed6319a6', 'd7f15839-cb6c-4ac3-97a7-538eff5e47fa', '0fc5978d-b7e5-449b-b686-762951f3b9d4', 'Сменено масло и маслен филтър. Препоръчваме следваща проверка след 5,000 км.', '2022-08-29 22:43:04');
INSERT INTO public.requests_logs (id, request_id, author_id, author_role_id, message, created_at) VALUES ('92b29540-080c-4cfd-9d21-7bf46472d729', '9b57a33d-1d6d-490b-bb61-fa33ed6319a6', 'a088678a-cc04-4256-8b0b-d06a48eb354e', 'ace6c34c-7778-4459-89f1-49848ae58e68', 'Направихме диагностика на двигателя — грешка P0301. Предлагаме сваляне и подробен преглед.', '2022-07-25 10:52:03');
INSERT INTO public.requests_logs (id, request_id, author_id, author_role_id, message, created_at) VALUES ('98ad914b-3b39-4e3b-a1b0-7dc3f6a71f67', '9b57a33d-1d6d-490b-bb61-fa33ed6319a6', 'e5298f74-ecbd-4527-8762-ab5ba1accd43', '0fc5978d-b7e5-449b-b686-762951f3b9d4', 'Започнато е ремонтно действие; необходим е още 1 работен ден.', '2022-09-08 02:58:54');
INSERT INTO public.requests_logs (id, request_id, author_id, author_role_id, message, created_at) VALUES ('be78d3eb-e2aa-4f7e-88a2-1c54282603d6', '9b57a33d-1d6d-490b-bb61-fa33ed6319a6', '423f2d32-4bc8-4fd0-ac6f-03fef86eabc6', '0fc5978d-b7e5-449b-b686-762951f3b9d4', 'Известие до клиента: колата е готова за получаване.', '2022-07-01 20:16:15');
INSERT INTO public.requests_logs (id, request_id, author_id, author_role_id, message, created_at) VALUES ('c5808182-1e94-46b0-bcc3-e3bf6ccc38f1', '5759171e-31e0-4548-98f5-d0eb68135c15', 'd7f15839-cb6c-4ac3-97a7-538eff5e47fa', '0fc5978d-b7e5-449b-b686-762951f3b9d4', 'Проверихме спирачната система; нужда от смяна на накладки и дискове.', '2025-11-23 18:52:41');
INSERT INTO public.requests_logs (id, request_id, author_id, author_role_id, message, created_at) VALUES ('4c8f34db-da56-4a2b-82fd-ee41ed5a223d', '5759171e-31e0-4548-98f5-d0eb68135c15', 'cf079cda-e7f3-4ef2-821e-f8c3f16e3008', 'ace6c34c-7778-4459-89f1-49848ae58e68', 'Проверихме спирачната система; нужда от смяна на накладки и дискове.', '2025-11-23 21:22:53');
INSERT INTO public.requests_logs (id, request_id, author_id, author_role_id, message, created_at) VALUES ('9e804c0c-c593-46e4-9846-0be2abe25805', '5759171e-31e0-4548-98f5-d0eb68135c15', 'a605c994-6971-4e72-bffd-a69334722c0d', 'ace6c34c-7778-4459-89f1-49848ae58e68', 'Предоставена е пробна обиколка; няма вибрации или допълнителни шумове.', '2025-11-23 07:34:46');
INSERT INTO public.requests_logs (id, request_id, author_id, author_role_id, message, created_at) VALUES ('68459479-afd7-4a6b-a5ab-49696bf5122e', '5759171e-31e0-4548-98f5-d0eb68135c15', 'cd5beddf-c9e7-4bbd-b9a7-0730892a2e4f', '0fc5978d-b7e5-449b-b686-762951f3b9d4', 'Направихме диагностика на двигателя — грешка P0301. Предлагаме сваляне и подробен преглед.', '2025-11-23 14:26:03');
INSERT INTO public.requests_logs (id, request_id, author_id, author_role_id, message, created_at) VALUES ('481ce05b-e089-4a64-8290-c2331e1e2f43', '5759171e-31e0-4548-98f5-d0eb68135c15', 'cf079cda-e7f3-4ef2-821e-f8c3f16e3008', 'ace6c34c-7778-4459-89f1-49848ae58e68', 'Известие до клиента: колата е готова за получаване.', '2025-11-23 21:33:10');
INSERT INTO public.requests_logs (id, request_id, author_id, author_role_id, message, created_at) VALUES ('c0ee38f2-20ee-42a9-a03d-4286dbed0a04', '5759171e-31e0-4548-98f5-d0eb68135c15', 'cd5beddf-c9e7-4bbd-b9a7-0730892a2e4f', '0fc5978d-b7e5-449b-b686-762951f3b9d4', 'Известие до клиента: колата е готова за получаване.', '2025-11-23 12:33:14');
INSERT INTO public.requests_logs (id, request_id, author_id, author_role_id, message, created_at) VALUES ('3e64efe5-c24d-4430-a943-f0bbc9145aae', '50fa108a-1c45-4458-9bd3-d7d55966ef23', 'd7f15839-cb6c-4ac3-97a7-538eff5e47fa', '0fc5978d-b7e5-449b-b686-762951f3b9d4', 'Крайна проверка: всички системи функционират нормално.', '2024-05-19 06:16:58');
INSERT INTO public.requests_logs (id, request_id, author_id, author_role_id, message, created_at) VALUES ('19cf115c-e1bd-4ca1-9a70-c3d8cdc6babb', '50fa108a-1c45-4458-9bd3-d7d55966ef23', '45980866-4dca-43a8-b357-91a5da3dd554', '0fc5978d-b7e5-449b-b686-762951f3b9d4', 'Крайна проверка: всички системи функционират нормално.', '2024-06-05 15:29:50');
INSERT INTO public.requests_logs (id, request_id, author_id, author_role_id, message, created_at) VALUES ('80b1b9fc-2ddb-47a2-adb6-28c246f5ef2e', '50fa108a-1c45-4458-9bd3-d7d55966ef23', 'e5298f74-ecbd-4527-8762-ab5ba1accd43', '0fc5978d-b7e5-449b-b686-762951f3b9d4', 'Клиентът одобри предложените ремонти и части.', '2024-06-09 17:05:46');
INSERT INTO public.requests_logs (id, request_id, author_id, author_role_id, message, created_at) VALUES ('423181d3-cdd1-4104-a9da-65dd2df922c3', '50fa108a-1c45-4458-9bd3-d7d55966ef23', '0fa0745f-d6f7-4d0f-b960-603d20a83370', 'ace6c34c-7778-4459-89f1-49848ae58e68', 'Направихме диагностика на двигателя — грешка P0301. Предлагаме сваляне и подробен преглед.', '2024-05-04 22:14:27');
INSERT INTO public.requests_logs (id, request_id, author_id, author_role_id, message, created_at) VALUES ('3ffbbdc3-7fec-484d-b899-5da3e71e6117', '50fa108a-1c45-4458-9bd3-d7d55966ef23', '0fa0745f-d6f7-4d0f-b960-603d20a83370', 'ace6c34c-7778-4459-89f1-49848ae58e68', 'Проверихме спирачната система; нужда от смяна на накладки и дискове.', '2024-06-04 11:32:22');
INSERT INTO public.requests_logs (id, request_id, author_id, author_role_id, message, created_at) VALUES ('ccc1fd12-0913-43bb-813f-cde539b329a3', '50fa108a-1c45-4458-9bd3-d7d55966ef23', 'cd5beddf-c9e7-4bbd-b9a7-0730892a2e4f', '0fc5978d-b7e5-449b-b686-762951f3b9d4', 'Проверихме спирачната система; нужда от смяна на накладки и дискове.', '2024-06-07 13:58:55');
INSERT INTO public.requests_logs (id, request_id, author_id, author_role_id, message, created_at) VALUES ('af66dec8-11bf-49e6-91d1-4414d015ee8c', '50fa108a-1c45-4458-9bd3-d7d55966ef23', '45980866-4dca-43a8-b357-91a5da3dd554', '0fc5978d-b7e5-449b-b686-762951f3b9d4', 'Крайна проверка: всички системи функционират нормално.', '2024-06-06 02:46:09');
INSERT INTO public.requests_logs (id, request_id, author_id, author_role_id, message, created_at) VALUES ('84b4a2e5-d6dd-4435-9f3b-a6c4699e2501', '50fa108a-1c45-4458-9bd3-d7d55966ef23', 'a088678a-cc04-4256-8b0b-d06a48eb354e', 'ace6c34c-7778-4459-89f1-49848ae58e68', 'Известие до клиента: колата е готова за получаване.', '2024-05-25 04:17:40');
INSERT INTO public.requests_logs (id, request_id, author_id, author_role_id, message, created_at) VALUES ('11d72c76-72d0-41c3-b46d-bca39bc2a9cf', '50fa108a-1c45-4458-9bd3-d7d55966ef23', 'e5298f74-ecbd-4527-8762-ab5ba1accd43', '0fc5978d-b7e5-449b-b686-762951f3b9d4', 'Известие до клиента: колата е готова за получаване.', '2024-05-07 07:31:23');
INSERT INTO public.requests_logs (id, request_id, author_id, author_role_id, message, created_at) VALUES ('c0cab5c6-5820-473f-afea-3aa66b93b44d', '50fa108a-1c45-4458-9bd3-d7d55966ef23', 'a605c994-6971-4e72-bffd-a69334722c0d', 'ace6c34c-7778-4459-89f1-49848ae58e68', 'Предоставена е пробна обиколка; няма вибрации или допълнителни шумове.', '2024-06-07 03:43:10');
INSERT INTO public.requests_logs (id, request_id, author_id, author_role_id, message, created_at) VALUES ('f22c1aa1-0d98-4634-b681-e4d7352de106', '45ab5209-c383-4fec-b927-b0c962dc9cc1', 'd7f15839-cb6c-4ac3-97a7-538eff5e47fa', '0fc5978d-b7e5-449b-b686-762951f3b9d4', 'Наложи се свързване с доставчик за резервни части; очаква се доставка след 3 дни.', '2024-02-23 04:14:18');
INSERT INTO public.requests_logs (id, request_id, author_id, author_role_id, message, created_at) VALUES ('16b0f525-8103-496c-b810-7053fa3953f1', '45ab5209-c383-4fec-b927-b0c962dc9cc1', '0fa0745f-d6f7-4d0f-b960-603d20a83370', 'ace6c34c-7778-4459-89f1-49848ae58e68', 'Крайна проверка: всички системи функционират нормално.', '2024-02-23 05:11:31');
INSERT INTO public.requests_logs (id, request_id, author_id, author_role_id, message, created_at) VALUES ('b8ff56b2-d910-41c1-9e17-7ee406f9f69b', '45ab5209-c383-4fec-b927-b0c962dc9cc1', 'cf079cda-e7f3-4ef2-821e-f8c3f16e3008', 'ace6c34c-7778-4459-89f1-49848ae58e68', 'Направихме диагностика на двигателя — грешка P0301. Предлагаме сваляне и подробен преглед.', '2024-02-23 17:33:45');
INSERT INTO public.requests_logs (id, request_id, author_id, author_role_id, message, created_at) VALUES ('3f5f33d0-ae69-4d9c-88fd-7bb55cff49a3', '45ab5209-c383-4fec-b927-b0c962dc9cc1', 'cd5beddf-c9e7-4bbd-b9a7-0730892a2e4f', '0fc5978d-b7e5-449b-b686-762951f3b9d4', 'Крайна проверка: всички системи функционират нормално.', '2024-02-23 13:43:58');
INSERT INTO public.requests_logs (id, request_id, author_id, author_role_id, message, created_at) VALUES ('94c3451c-21b2-4976-adc0-838b94bd7180', '45ab5209-c383-4fec-b927-b0c962dc9cc1', 'a605c994-6971-4e72-bffd-a69334722c0d', 'ace6c34c-7778-4459-89f1-49848ae58e68', 'Извършихме визуален преглед на окачването — амортисьорите са износени.', '2024-02-23 17:40:14');
INSERT INTO public.requests_logs (id, request_id, author_id, author_role_id, message, created_at) VALUES ('bcf84ba3-94c3-435f-bc6f-4f7fd1ae6faa', '45ab5209-c383-4fec-b927-b0c962dc9cc1', 'a088678a-cc04-4256-8b0b-d06a48eb354e', 'ace6c34c-7778-4459-89f1-49848ae58e68', 'Известие до клиента: колата е готова за получаване.', '2024-02-23 17:17:57');
INSERT INTO public.requests_logs (id, request_id, author_id, author_role_id, message, created_at) VALUES ('b95cfd35-62ac-4dd2-9afe-513ca73d6198', '45ab5209-c383-4fec-b927-b0c962dc9cc1', 'e5298f74-ecbd-4527-8762-ab5ba1accd43', '0fc5978d-b7e5-449b-b686-762951f3b9d4', 'Крайна проверка: всички системи функционират нормално.', '2024-02-23 10:46:42');
INSERT INTO public.requests_logs (id, request_id, author_id, author_role_id, message, created_at) VALUES ('39f70130-f53b-4fc7-b7c1-b1a96a88fb57', '45ab5209-c383-4fec-b927-b0c962dc9cc1', 'd7f15839-cb6c-4ac3-97a7-538eff5e47fa', '0fc5978d-b7e5-449b-b686-762951f3b9d4', 'Предоставена е пробна обиколка; няма вибрации или допълнителни шумове.', '2024-02-23 08:07:24');
INSERT INTO public.requests_logs (id, request_id, author_id, author_role_id, message, created_at) VALUES ('a9926b16-1975-46e7-834d-abe57fce8be7', '45ab5209-c383-4fec-b927-b0c962dc9cc1', 'f2179fcc-0303-4bd3-8f7e-fedf04ee5194', 'ace6c34c-7778-4459-89f1-49848ae58e68', 'Проверихме спирачната система; нужда от смяна на накладки и дискове.', '2024-02-23 18:44:53');
INSERT INTO public.requests_logs (id, request_id, author_id, author_role_id, message, created_at) VALUES ('ded82499-43f8-4752-ab22-128fd951af7d', '4ab34a23-42a6-4a91-b286-4edfe80c2ded', 'cf079cda-e7f3-4ef2-821e-f8c3f16e3008', 'ace6c34c-7778-4459-89f1-49848ae58e68', 'Започнато е ремонтно действие; необходим е още 1 работен ден.', '2024-09-07 15:03:07');
INSERT INTO public.requests_logs (id, request_id, author_id, author_role_id, message, created_at) VALUES ('78659834-ca14-45fd-97ea-3dbc9779ed6c', '4ab34a23-42a6-4a91-b286-4edfe80c2ded', '45980866-4dca-43a8-b357-91a5da3dd554', '0fc5978d-b7e5-449b-b686-762951f3b9d4', 'Наложи се свързване с доставчик за резервни части; очаква се доставка след 3 дни.', '2024-09-03 08:18:03');
INSERT INTO public.requests_logs (id, request_id, author_id, author_role_id, message, created_at) VALUES ('d5ecac9d-4d42-4f15-a6fd-bbe42ec8f67e', '4ab34a23-42a6-4a91-b286-4edfe80c2ded', 'cd5beddf-c9e7-4bbd-b9a7-0730892a2e4f', '0fc5978d-b7e5-449b-b686-762951f3b9d4', 'Известие до клиента: колата е готова за получаване.', '2024-08-29 16:54:36');